ID,Name,Price,Category
100001,Gloves,656990,Kids
100002,Steel Chair,715310,Books
100003,New Plastic Table,612140,Beauty
100004,Soap,671750,Games
100005,Frozen Chips,335400,Books
100006,Computer,28610,Health
100007,Generic Chair,763170,Grocery
100008,Steel Keyboard,870480,Tools
100009,Tuna,506280,Beauty
100010,Awesome Soft Pants,484740,Beauty
100011,Refined Salad,963690,Outdoors
100012,Rustic Pants,450900,Toys
100013,Car,348320,Beauty
100014,Wooden Bike,407210,Grocery
100015,Generic Fish,580040,Garden
100016,Unbranded Plastic Chair,358620,Music
100017,Granite Sausages,219540,Clothing
100018,Towels,163100,Automotive
100019,Soap,811900,Electronics
100020,Ergonomic Pants,972650,Music
100021,Pizza,912750,Automotive
100022,Towels,973960,Health
100023,Towels,671100,Baby
100024,Granite Table,860680,Shoes
100025,Wooden Hat,440090,Computers
100026,Mouse,835880,Kids
100027,For repair Pants,928570,Games
100028,Gently Used Cotton Chair,75610,Automotive
100029,Ergonomic Bike,240290,Garden
100030,Licensed Gloves,260230,Music
100031,Metal Soap,556630,Grocery
100032,Wooden Chair,488590,Industrial
100033,Used Metal Fish,402260,Baby
100034,Awesome Car,516090,Baby
100035,Incredible Tuna,37770,Games
100036,Used Plastic Pizza,361280,Health
100037,Ball,432080,Computers
100038,Gloves,86800,Sports
100039,New Keyboard,190310,Home
100040,Intelligent Table,70140,Books
100041,Sleek Wooden Fish,33270,Industrial
100042,Sleek Fish,725530,Shoes
100043,Metal Chicken,952980,Health
100044,Shirt,643780,Games
100045,Pants,382310,Books
100046,Keyboard,579150,Tools
100047,Shoes,631620,Computers
100048,Steel Bike,735060,Garden
100049,Granite Keyboard,341440,Baby
100050,Chips,563870,Kids
100051,Awesome Rubber Sausages,480870,Shoes
100052,Cotton Pants,207790,Games
100053,Intelligent Chips,805170,Grocery
100054,Tuna,250180,Shoes
100055,Pants,350000,Movies
100056,Plastic Soap,530900,Games
100057,Wooden Ball,471180,Tools
100058,Concrete Hat,774190,Shoes
100059,Fresh Salad,823390,Kids
100060,Table,531010,Automotive
100061,Chicken,460210,Kids
100062,Tuna,495310,Shoes
100063,Shirt,231130,Games
100064,Sausages,798020,Grocery
100065,Awesome Metal Towels,762010,Home
100066,Frozen Towels,574450,Grocery
100067,Table,73110,Garden
100068,Incredible Fresh Mouse,820960,Baby
100069,Tasty Rubber Bacon,610760,Garden
100070,For repair Chips,453370,Garden
100071,Gently Used Metal Mouse,904370,Health
100072,Chips,26130,Electronics
100073,Steel Cheese,802620,Games
100074,Handcrafted Pizza,154400,Tools
100075,Rustic Steel Soap,863730,Games
100076,Metal Pizza,580620,Garden
100077,Pizza,885350,Music
100078,Refined Table,966780,Tools
100079,Tuna,48510,Electronics
100080,Rubber Bike,333850,Computers
100081,Granite Bacon,386580,Computers
100082,Incredible Fish,854270,Books
100083,Chicken,753530,Garden
100084,Soft Table,541860,Beauty
100085,Tasty Concrete Sausages,389830,Shoes
100086,Wooden Salad,737680,Home
100087,Shoes,137340,Toys
100088,Mouse,814020,Home
100089,Awesome Frozen Car,425240,Garden
100090,Table,574970,Sports
100091,Granite Fish,925500,Industrial
100092,Gently Used Soft Computer,253570,Sports
100093,Handcrafted Concrete Gloves,861700,Movies
100094,Fantastic Chicken,860780,Kids
100095,Licensed Fresh Table,440420,Garden
100096,Gorgeous Ball,487320,Kids
100097,Fantastic Frozen Fish,570830,Health
100098,Tasty Chicken,151090,Outdoors
100099,Awesome Pizza,305030,Clothing
100100,New Rubber Chicken,349000,Sports
100101,Handcrafted Frozen Chips,511730,Jewelery
100102,For repair Keyboard,147910,Movies
100103,Practical Cheese,627220,Grocery
100104,Rubber Shirt,403890,Outdoors
100105,Unbranded Rubber Salad,364430,Music
100106,Intelligent Shoes,4900,Music
100107,Cotton Sausages,998990,Clothing
100108,Unbranded Towels,574320,Beauty
100109,For repair Soft Pants,121190,Tools
100110,Handmade Steel Salad,187950,Movies
100111,Fresh Soap,922780,Shoes
100112,Ball,50940,Outdoors
100113,Gloves,908610,Outdoors
100114,Computer,604570,Garden
100115,Keyboard,8430,Industrial
100116,Used Cotton Shirt,39610,Jewelery
100117,Granite Table,486400,Clothing
100118,Steel Fish,110020,Music
100119,Towels,611930,Clothing
100120,Handmade Cotton Soap,116900,Automotive
100121,New Cotton Shirt,360560,Books
100122,Rubber Car,131120,Computers
100123,Chips,874620,Computers
100124,Handmade Granite Chicken,171630,Home
100125,Fresh Keyboard,430560,Garden
100126,Sleek Granite Chicken,934860,Electronics
100127,Cotton Sausages,828500,Automotive
100128,Metal Bacon,459080,Sports
100129,Towels,255190,Sports
100130,Metal Fish,849160,Home
100131,Shirt,445280,Kids
100132,For repair Fresh Chair,234040,Games
100133,Fresh Chicken,707260,Grocery
100134,Awesome Plastic Hat,270050,Outdoors
100135,Incredible Cotton Soap,81480,Garden
100136,Fresh Towels,686340,Garden
100137,Plastic Fish,502010,Home
100138,Unbranded Fish,54150,Grocery
100139,Unbranded Car,457300,Jewelery
100140,Bike,25830,Clothing
100141,Chips,291930,Garden
100142,Bacon,376120,Games
100143,Plastic Salad,545450,Books
100144,Gloves,509450,Jewelery
100145,Refined Plastic Pizza,742430,Computers
100146,Table,513990,Beauty
100147,New Car,599400,Outdoors
100148,Hat,814410,Movies
100149,Plastic Chair,473140,Kids
100150,Plastic Cheese,153830,Beauty
100151,Ball,894230,Toys
100152,Cotton Mouse,748540,Sports
100153,Granite Chicken,428640,Tools
100154,Steel Mouse,827990,Grocery
100155,Awesome Granite Car,160260,Industrial
100156,Practical Soft Tuna,360960,Games
100157,Used Soap,23130,Home
100158,Fantastic Frozen Bike,303460,Music
100159,Wooden Ball,60190,Baby
100160,Steel Mouse,641870,Home
100161,Rustic Bacon,933390,Home
100162,Metal Hat,338980,Clothing
100163,Steel Tuna,156580,Sports
100164,New Frozen Sausages,532420,Shoes
100165,Rubber Chicken,324970,Sports
100166,Refined Concrete Car,337270,Books
100167,Tasty Cotton Bike,349610,Beauty
100168,Generic Cotton Soap,135200,Movies
100169,Bike,449750,Garden
100170,Plastic Computer,28880,Computers
100171,New Soft Shirt,382900,Toys
100172,Licensed Ball,748170,Jewelery
100173,Awesome Rubber Shirt,395930,Garden
100174,Gorgeous Frozen Hat,158790,Jewelery
100175,Chicken,514670,Music
100176,Concrete Chicken,133910,Health
100177,Concrete Pants,813270,Clothing
100178,Concrete Computer,202010,Jewelery
100179,Bacon,871230,Books
100180,Plastic Chips,178430,Industrial
100181,Rustic Frozen Mouse,866560,Outdoors
100182,Soft Bike,143710,Games
100183,Shoes,276600,Computers
100184,Fresh Pizza,677380,Automotive
100185,Car,344900,Baby
100186,Metal Ball,940900,Baby
100187,Concrete Computer,646820,Clothing
100188,Licensed Cheese,122870,Garden
100189,Used Cotton Pants,616000,Electronics
100190,Tuna,425600,Jewelery
100191,Used Chicken,586020,Home
100192,Gloves,474280,Shoes
100193,Metal Fish,899890,Baby
100194,Metal Shoes,848940,Beauty
100195,Shirt,981910,Clothing
100196,Cotton Chicken,397010,Electronics
100197,Steel Shirt,206340,Movies
100198,Cotton Keyboard,57730,Sports
100199,Generic Soap,872330,Sports
100200,Gloves,114160,Computers
100201,Handcrafted Chicken,887780,Toys
100202,Generic Metal Pizza,880060,Sports
100203,Tuna,493320,Shoes
100204,Bike,719250,Automotive
100205,Intelligent Frozen Chicken,779960,Baby
100206,Soft Keyboard,741650,Kids
100207,Gently Used Plastic Soap,343680,Tools
100208,Generic Computer,386440,Sports
100209,Concrete Pants,172370,Outdoors
100210,Gorgeous Pants,996910,Tools
100211,Concrete Soap,205190,Grocery
100212,Frozen Chicken,875360,Health
100213,Gently Used Soft Pants,372160,Grocery
100214,Awesome Chicken,493670,Music
100215,Practical Keyboard,357650,Outdoors
100216,Soap,269080,Toys
100217,Ergonomic Wooden Shirt,84940,Beauty
100218,Unbranded Sausages,447160,Sports
100219,Computer,272410,Health
100220,Gloves,239150,Home
100221,Tasty Cheese,580390,Computers
100222,Soft Cheese,191670,Kids
100223,Steel Shirt,609340,Computers
100224,Licensed Cotton Sausages,6580,Automotive
100225,Frozen Cheese,693180,Garden
100226,Salad,854650,Home
100227,Chicken,54650,Sports
100228,Mouse,286940,Shoes
100229,Salad,782640,Books
100230,Intelligent Bacon,604560,Baby
100231,Towels,279260,Home
100232,Awesome Ball,600,Home
100233,Generic Cheese,259420,Electronics
100234,Gently Used Granite Chips,747360,Industrial
100235,Incredible Frozen Gloves,904340,Electronics
100236,Gently Used Bacon,733820,Shoes
100237,Bike,549840,Grocery
100238,Tuna,790960,Health
100239,Plastic Bike,946660,Clothing
100240,Handmade Table,77240,Toys
100241,Small Salad,598920,Outdoors
100242,Awesome Chips,956640,Shoes
100243,Tasty Frozen Ball,397460,Industrial
100244,Fantastic Hat,858560,Movies
100245,Car,110980,Games
100246,Rubber Keyboard,132670,Outdoors
100247,Steel Pizza,896360,Beauty
100248,Unbranded Wooden Shoes,412170,Kids
100249,Generic Rubber Tuna,769570,Toys
100250,Soft Car,294760,Clothing
100251,Awesome Frozen Computer,812140,Movies
100252,New Chair,828950,Games
100253,Fantastic Sausages,586350,Health
100254,Wooden Soap,509590,Industrial
100255,Licensed Shirt,534910,Outdoors
100256,Unbranded Concrete Fish,246250,Beauty
100257,Practical Concrete Computer,129670,Movies
100258,Fresh Cheese,186100,Home
100259,Ergonomic Concrete Car,458850,Automotive
100260,Licensed Pants,653400,Electronics
100261,Unbranded Cotton Chair,599180,Garden
100262,Intelligent Bike,977810,Industrial
100263,Fresh Fish,376930,Books
100264,Metal Pants,829640,Home
100265,Table,542190,Outdoors
100266,Awesome Cheese,267480,Shoes
100267,Refined Computer,800460,Garden
100268,New Soft Towels,548270,Automotive
100269,Towels,499690,Music
100270,Granite Shoes,453860,Kids
100271,Steel Shoes,142450,Beauty
100272,Tasty Soft Chicken,914910,Home
100273,Gently Used Keyboard,967540,Jewelery
100274,Plastic Gloves,336570,Computers
100275,Pizza,433070,Music
100276,Tasty Granite Pizza,534170,Jewelery
100277,New Cheese,724910,Kids
100278,Small Bacon,272760,Kids
100279,Mouse,781590,Toys
100280,Gorgeous Fish,158910,Clothing
100281,Incredible Metal Car,787550,Sports
100282,Car,954080,Games
100283,Car,957690,Automotive
100284,Sausages,619130,Clothing
100285,Practical Chicken,74900,Toys
100286,For repair Cotton Chicken,238180,Movies
100287,Keyboard,742230,Garden
100288,Steel Salad,424000,Garden
100289,Metal Fish,865570,Books
100290,Steel Chicken,424000,Beauty
100291,Tasty Rubber Hat,127280,Books
100292,For repair Plastic Shoes,421220,Clothing
100293,Pizza,43770,Electronics
100294,Hat,821630,Shoes
100295,Steel Fish,334550,Movies
100296,Rubber Shirt,427370,Toys
100297,Soft Chair,118130,Movies
100298,Gorgeous Rubber Ball,347470,Books
100299,Plastic Chair,679700,Jewelery
100300,Wooden Ball,99020,Electronics
100301,Frozen Keyboard,30850,Movies
100302,Fresh Salad,693180,Music
100303,Licensed Cheese,873930,Toys
100304,Ergonomic Soap,458920,Computers
100305,Steel Bike,749700,Outdoors
100306,Awesome Pants,568790,Jewelery
100307,For repair Granite Hat,18990,Electronics
100308,Shoes,788710,Toys
100309,Rubber Ball,166060,Music
100310,Salad,562010,Home
100311,Incredible Chair,988840,Beauty
100312,Shirt,802930,Home
100313,Tasty Chicken,653780,Home
100314,Granite Ball,456160,Electronics
100315,Handmade Fish,439790,Sports
100316,Practical Chips,638510,Books
100317,Practical Metal Chicken,536030,Electronics
100318,Incredible Frozen Chicken,667880,Music
100319,Tasty Cotton Shoes,112340,Movies
100320,Rustic Fresh Ball,668000,Home
100321,Soft Towels,796380,Toys
100322,Sleek Rubber Sausages,983840,Clothing
100323,Chicken,474890,Home
100324,Rubber Ball,811200,Shoes
100325,Chair,747030,Health
100326,Soap,264780,Outdoors
100327,Ergonomic Chair,241340,Sports
100328,Refined Soft Mouse,254130,Shoes
100329,Cotton Mouse,697610,Tools
100330,Tasty Tuna,506040,Music
100331,Incredible Rubber Chicken,905850,Toys
100332,Handcrafted Car,716070,Home
100333,Computer,689720,Kids
100334,Refined Car,416870,Clothing
100335,Used Chips,542910,Baby
100336,Sausages,474190,Games
100337,Soft Gloves,913560,Home
100338,Shoes,850680,Outdoors
100339,Plastic Tuna,535540,Tools
100340,Tasty Shoes,632690,Baby
100341,Awesome Fish,780410,Toys
100342,Cotton Ball,275890,Industrial
100343,Used Bike,69040,Books
100344,Incredible Wooden Keyboard,729260,Grocery
100345,Awesome Car,72820,Jewelery
100346,Metal Car,898190,Clothing
100347,Bike,325240,Shoes
100348,Sausages,233270,Grocery
100349,Gorgeous Steel Chips,360350,Kids
100350,Gently Used Soft Fish,520220,Books
100351,Bike,385710,Outdoors
100352,Handcrafted Cotton Keyboard,968070,Tools
100353,Tuna,42710,Outdoors
100354,Pizza,1840,Jewelery
100355,Granite Salad,578240,Grocery
100356,Awesome Rubber Shoes,714940,Health
100357,Concrete Table,915710,Health
100358,For repair Fresh Cheese,958250,Grocery
100359,Bacon,929860,Garden
100360,Generic Rubber Salad,955630,Games
100361,Bike,517870,Baby
100362,Intelligent Steel Bike,572490,Shoes
100363,Licensed Frozen Chips,779240,Electronics
100364,Refined Computer,870390,Baby
100365,Plastic Towels,917720,Books
100366,Fantastic Concrete Bacon,333710,Tools
100367,Cheese,50020,Garden
100368,Keyboard,814910,Music
100369,Licensed Cotton Sausages,965190,Electronics
100370,Practical Shoes,313170,Jewelery
100371,Incredible Computer,17390,Jewelery
100372,Steel Pants,748340,Books
100373,Fantastic Metal Chicken,252700,Grocery
100374,Computer,545260,Home
100375,Towels,584380,Clothing
100376,Practical Soft Gloves,531240,Movies
100377,Generic Steel Ball,556900,Garden
100378,Intelligent Fresh Car,594870,Health
100379,Used Mouse,944130,Music
100380,Practical Frozen Chicken,330490,Baby
100381,Intelligent Fish,51980,Sports
100382,Concrete Bacon,561620,Grocery
100383,Sleek Metal Chicken,561120,Computers
100384,Awesome Towels,624780,Health
100385,For repair Cotton Shirt,222130,Toys
100386,Pizza,29840,Books
100387,Hat,986530,Electronics
100388,Unbranded Chair,31620,Outdoors
100389,Wooden Shoes,498640,Electronics
100390,Awesome Pants,271800,Home
100391,Gently Used Chips,670420,Electronics
100392,Metal Hat,333780,Grocery
100393,Licensed Granite Bike,125870,Garden
100394,Frozen Soap,645300,Outdoors
100395,Gloves,46430,Tools
100396,Generic Fish,304160,Beauty
100397,Car,512020,Games
100398,Granite Soap,311300,Games
100399,Unbranded Hat,785860,Baby
100400,Table,261370,Home
100401,Frozen Pizza,108680,Outdoors
100402,Frozen Ball,314180,Grocery
100403,Gently Used Wooden Soap,438620,Clothing
100404,Handmade Concrete Tuna,402960,Toys
100405,Ball,539920,Grocery
100406,Rubber Computer,283960,Home
100407,Gently Used Wooden Sausages,34030,Grocery
100408,Handcrafted Fish,412430,Books
100409,Tasty Soap,527880,Computers
100410,Towels,225310,Industrial
100411,Rubber Salad,442980,Grocery
100412,Intelligent Shoes,827970,Shoes
100413,Pants,3100,Baby
100414,Practical Ball,791010,Electronics
100415,New Chicken,730580,Industrial
100416,Sleek Soap,337720,Outdoors
100417,Cotton Ball,613380,Automotive
100418,Plastic Sausages,642920,Computers
100419,Practical Fish,280040,Music
100420,Incredible Plastic Table,727500,Electronics
100421,Refined Ball,370300,Tools
100422,Cotton Bacon,259450,Games
100423,Granite Bacon,620380,Beauty
100424,For repair Shirt,149590,Outdoors
100425,Incredible Rubber Chair,731590,Clothing
100426,Bike,743520,Computers
100427,New Concrete Bike,393410,Tools
100428,Practical Wooden Keyboard,856960,Kids
100429,Unbranded Chicken,198650,Sports
100430,Hat,30680,Games
100431,Refined Soft Car,764960,Baby
100432,Bacon,459720,Shoes
100433,Generic Wooden Shirt,89930,Electronics
100434,Fish,850460,Toys
100435,Unbranded Gloves,230110,Movies
100436,Metal Ball,858010,Baby
100437,Refined Sausages,155070,Industrial
100438,Fresh Hat,103990,Health
100439,Granite Salad,416570,Kids
100440,Generic Frozen Hat,729110,Electronics
100441,Concrete Tuna,504050,Tools
100442,Soft Sausages,850130,Computers
100443,Generic Gloves,161850,Electronics
100444,Concrete Computer,469390,Clothing
100445,Frozen Soap,102890,Shoes
100446,Sleek Soft Bacon,118200,Movies
100447,Refined Bacon,894260,Games
100448,Cotton Chair,894580,Kids
100449,Rubber Bacon,67070,Outdoors
100450,Granite Chips,980700,Sports
100451,Cheese,181030,Electronics
100452,Tasty Mouse,533630,Industrial
100453,New Car,97430,Tools
100454,Fantastic Bacon,823410,Movies
100455,Unbranded Steel Computer,747840,Jewelery
100456,Small Soap,50620,Kids
100457,Incredible Shoes,559990,Beauty
100458,For repair Metal Chicken,318330,Movies
100459,Used Cheese,984940,Industrial
100460,Bike,108090,Music
100461,Bike,726900,Health
100462,Towels,375510,Kids
100463,Bacon,60000,Toys
100464,Generic Concrete Table,312140,Music
100465,Mouse,934440,Games
100466,For repair Salad,763590,Toys
100467,For repair Wooden Car,959060,Clothing
100468,Metal Tuna,26510,Sports
100469,Handcrafted Concrete Car,920980,Books
100470,Soft Salad,593020,Automotive
100471,For repair Cotton Cheese,959020,Outdoors
100472,Granite Soap,431690,Industrial
100473,Handmade Wooden Sausages,572590,Books
100474,Car,464740,Music
100475,Granite Soap,749510,Games
100476,Licensed Fresh Chips,947270,Computers
100477,Handcrafted Steel Salad,551850,Jewelery
100478,Generic Shirt,752350,Books
100479,Steel Pants,756020,Clothing
100480,Granite Ball,632090,Shoes
100481,Fantastic Mouse,568630,Toys
100482,Ergonomic Tuna,484880,Beauty
100483,Plastic Shirt,795010,Garden
100484,Metal Hat,476180,Garden
100485,Fresh Shoes,331000,Movies
100486,Refined Concrete Pants,187430,Sports
100487,Wooden Cheese,79970,Clothing
100488,Metal Chair,615950,Automotive
100489,For repair Steel Pants,230850,Toys
100490,Fish,26270,Movies
100491,Car,183590,Grocery
100492,Intelligent Mouse,50390,Baby
100493,Handcrafted Wooden Keyboard,970810,Tools
100494,Towels,658350,Grocery
100495,Gorgeous Computer,274170,Health
100496,Computer,449790,Tools
100497,Pizza,643410,Health
100498,Computer,438680,Outdoors
100499,Fantastic Table,326080,Health
100500,Frozen Tuna,305350,Automotive
