ID,username,name,sex,address,mail,birthdate
100001,rogersamy,Jonathan Peters,M,"57294 Hancock Creek Suite 652
Staceyview, MD 83501",perrydenise@hotmail.com,1930-12-24
100002,miranda34,Deborah Welch,F,"9253 Laura Drives Apt. 378
Gutierrezbury, KY 56262",parksdavid@gmail.com,2011-12-08
100003,juan81,Christina Scott,F,"9549 Jack Gardens Apt. 839
Hughesview, IL 88021",tylerbest@yahoo.com,1948-08-07
100004,dking,Mary Hancock,F,"8771 Lozano Groves
East Rachaelfort, CT 12998",craighunt@gmail.com,1980-05-27
100005,rose73,Karl Miller,M,"761 Murray Square
East Pamela, VT 52822",fostermatthew@gmail.com,1922-09-01
100006,nicholeroberson,Michael Diaz,M,"59147 Tiffany Roads Apt. 755
West Johnville, RI 72364",jennifer30@hotmail.com,2011-03-11
100007,kellydavis,Kimberly Rose,F,"6845 Danielle Ways
Jerrytown, PA 91596",jason21@yahoo.com,1916-09-16
100008,dwoods,Jennifer Hall,F,"324 Paul Plains Suite 854
East Amy, WI 55865",judithgalvan@hotmail.com,1990-07-02
100009,ojackson,Joel Garcia MD,M,"3301 Wilson Hills Suite 271
Brewertown, LA 18970",seanbaker@gmail.com,1985-12-09
100010,zachary59,Eddie Santos,M,"48471 Stephanie Mountains
Lake Thomas, WY 34111",reyesrebecca@yahoo.com,1957-07-17
100011,williamstroy,Kimberly Clark,F,"661 Conley Mill
Melanieberg, ME 06657",mramirez@hotmail.com,1972-06-29
100012,anthonyedwards,Christine Carney,F,"5491 Helen Crossing Apt. 669
New Ariana, NM 53110",ayersrichard@yahoo.com,1939-02-08
100013,rebecca76,Amanda Martinez,F,"36895 Melissa Rapid Suite 921
West Darlene, MA 98850",reevesheather@gmail.com,1976-09-21
100014,james25,Brian Smith,M,"276 Fisher Isle Suite 088
Hernandeztown, CT 79409",john12@hotmail.com,2019-08-14
100015,lunaadam,Emily Todd,F,"679 Morales Spring Suite 230
South Rayton, DE 30909",mavila@yahoo.com,2004-05-09
100016,christiemartinez,Christopher Waller,M,"12411 Ryan Radial Apt. 072
Morenoview, ID 81408",michael01@hotmail.com,1930-06-27
100017,rhondacarr,Guy Perez,M,"30200 Jeremy Parkway Suite 019
East Tiffany, WI 37588",syoung@yahoo.com,1938-06-29
100018,patriciastevenson,Jeremy Edwards,M,"12517 Samantha Ports
Cannonfurt, NE 49623",tonya90@yahoo.com,2018-02-14
100019,dgarcia,Rhonda Turner,F,"106 Williams Forest Apt. 063
South Shelley, ND 60402",xsutton@gmail.com,1989-08-14
100020,dcline,William Gonzales,M,"645 Edwards Prairie
Sandersside, PW 70147",derekjohnson@gmail.com,1946-10-16
100021,mmoss,Kathleen Webb,F,"4256 Pamela Islands Suite 670
North Jared, MA 48618",anthony16@gmail.com,1943-10-26
100022,travis78,Brandy Mora,F,"96645 Graham Plain Suite 195
Waltonfurt, MI 90858",carterjoshua@hotmail.com,1932-09-04
100023,seanshort,Rhonda Ortiz,F,"4747 Gregory Courts
West Troyborough, MS 56115",ehunter@yahoo.com,1937-05-07
100024,armstrongshirley,Mary Zamora,F,"2502 Murphy Landing Apt. 482
Brucefort, CO 01513",hernandezbarbara@gmail.com,1929-05-26
100025,jasminenavarro,Robert Clark,M,"418 Levine Dam
East Brett, MS 71378",monicacunningham@hotmail.com,1961-04-05
100026,angelarichardson,Nicole Manning,F,"39240 Charles Summit Apt. 971
South Nicolestad, SC 58423",ojennings@hotmail.com,1921-09-01
100027,cainjeremy,David Webb,M,"49680 Green Fort
East Josephstad, ID 26633",deborahadams@hotmail.com,1937-01-16
100028,hollytaylor,Adam Long,M,"7760 Michael Ports
Donaldstad, ME 84113",stephen00@yahoo.com,2012-12-06
100029,ocurtis,Andrew Washington,M,"34974 Hayes Light
Avilaside, IN 03415",gmiller@hotmail.com,1960-01-27
100030,emitchell,Mitchell Miller,M,"55588 Jennifer Canyon
Angelabury, WI 38207",paulacallahan@yahoo.com,2013-12-18
100031,michaelhernandez,Raymond Ramos,M,"4552 Andrew Prairie
New Chelsea, ME 21388",christopherclark@yahoo.com,1955-10-06
100032,donaldshah,Andrew Bauer,M,"5316 Vasquez Motorway Apt. 601
Collinsburgh, AK 84248",oconway@yahoo.com,2019-11-10
100033,ksmith,Michelle Fernandez,F,"86768 Hughes Views
New Jeanland, OH 40781",erickemp@gmail.com,1987-12-02
100034,angela12,James Smith,M,"281 Keith Ramp Apt. 784
Hoffmanborough, MO 67368",hernandezdawn@yahoo.com,2003-04-01
100035,simmonsconnor,Mark Curtis,M,"333 Grant Shoal Apt. 373
Welchmouth, CA 35161",kathryn96@hotmail.com,1934-10-13
100036,thompsongina,William Woodard,M,"127 Thomas Freeway Suite 809
South Denise, NY 21207",christian32@gmail.com,2007-11-07
100037,ebean,Amanda Zimmerman,F,"805 Jackie Vista Apt. 201
Port Stevenland, NM 82516",wilsonnorma@yahoo.com,1936-07-08
100038,alyssafarrell,Benjamin Carrillo,M,"405 Nguyen Stravenue
West Laceychester, MD 26368",pagechristina@yahoo.com,1937-11-02
100039,orivera,Benjamin Gomez,M,"80339 Rebecca Centers
West Ericshire, MI 88950",ericksonvickie@hotmail.com,1918-01-24
100040,stewartcynthia,Johnny Park,M,"816 Melissa Loaf
Hardyton, DE 54859",elizabethgriffin@gmail.com,1983-12-23
100041,bbaker,Erica Williams,F,"571 Barber Center
Brandimouth, TN 58292",cainkathryn@hotmail.com,2018-11-06
100042,sotopatrick,Alyssa Higgins,F,"2790 Stuart Wells Apt. 546
New Leslieburgh, MP 54909",nshaw@yahoo.com,1999-10-03
100043,thomas62,Steven Jensen,M,"68363 Elizabeth Rapids Suite 821
Michealville, NJ 33857",rogersmark@gmail.com,2001-11-01
100044,obailey,Emma Reyes,F,"044 Rich Rest
Tammytown, AK 26149",riddlephyllis@yahoo.com,1911-11-21
100045,nturner,Ronnie Smith,M,"675 Shawn Branch Suite 534
Matthewstad, NH 80288",monicajohnson@yahoo.com,1998-11-20
100046,courtneysmith,Stephanie Gates,F,"964 Brett Course Suite 760
West Janetbury, AZ 05614",tanyaserrano@hotmail.com,2021-09-16
100047,brandylewis,Charlene Bowman,F,"USNV Smith
FPO AE 07404",michael75@gmail.com,2005-01-26
100048,rebeccaharris,Roy Anderson,M,"91007 Mark Flat
Jeanneborough, DC 36158",lhayes@gmail.com,1972-05-24
100049,wrightandrea,James Holloway,M,"54136 Lee Ports Apt. 130
South Kevinfurt, PA 45445",jessica24@gmail.com,2006-05-07
100050,spencershannon,Victor Martin,M,"06651 Jason Heights Apt. 987
Schneidermouth, AR 60173",prestondonna@hotmail.com,1957-01-02
100051,rebecca49,Jessica West,F,"549 Michael Greens Suite 904
South Linda, VA 52051",spencerschultz@gmail.com,1993-07-10
100052,ejones,Robert Nelson,M,"3492 Stone View Apt. 391
Kristinmouth, NM 57556",hollandtonya@hotmail.com,1945-06-15
100053,tkirby,Ian Kent,M,"8156 Howard Glen
Amyville, WY 58448",yevans@yahoo.com,1917-07-19
100054,brandysullivan,Andrew Foster,M,"6824 Rebecca Meadows
Leeside, IN 67448",johnny59@gmail.com,1921-08-12
100055,paullee,Deanna Taylor,F,"732 Diana Forge Suite 955
Maxland, LA 23086",bowenshelby@gmail.com,1993-06-29
100056,cheryl45,Richard Bryant,M,"421 Aaron Stream
Christopherview, AR 63042",amandavaughn@gmail.com,1935-04-06
100057,elizabethturner,James Nunez,M,"9449 Heather Forest Suite 934
Josephborough, NJ 63356",larry63@yahoo.com,1911-08-24
100058,comptonjennifer,Nicole Hawkins,F,"0464 Yu Forks
Port Andrew, LA 45114",brycetapia@gmail.com,1960-05-17
100059,victoriasanders,Daniel Morrow,M,"0971 Holloway Field Apt. 646
West Derrick, WA 32824",martinezderek@gmail.com,1975-03-28
100060,sburgess,Thomas Mcdaniel,M,"7061 Tracy Lakes
North Kimberly, TX 39814",davisbrittany@gmail.com,1980-10-03
100061,lori12,Marissa Mclean,F,"6886 Santos Glens Suite 029
Port Johnmouth, WY 67161",unorris@hotmail.com,1992-04-07
100062,kimberly18,Katherine Watson,F,"7999 Edwin Shores Apt. 893
Port Sarahborough, WV 82946",brandy96@yahoo.com,1930-09-19
100063,goulderik,Austin Smith,M,"030 Jennings River
West Joseph, AR 72107",erica39@yahoo.com,1953-09-24
100064,tanya63,Jonathon Conley,M,"04341 Gallegos Brooks
Lake Robin, AZ 67778",benjamin53@hotmail.com,1916-07-31
100065,apark,David Villegas,M,"02671 Adrian Mount Suite 232
Port Sylvia, TX 64888",james18@yahoo.com,1945-08-23
100066,xschroeder,Billy Walsh,M,"73533 Dennis Stream
Kevinfort, VT 05458",pamela77@yahoo.com,1925-02-10
100067,sjohnson,Vickie Williams,F,"PSC 3934, Box 9990
APO AE 65253",jacobssydney@gmail.com,1946-08-07
100068,williamsondavid,Lindsey Tran,F,"3545 Jonathan Loaf
Smithburgh, SC 78630",sharon90@gmail.com,1939-03-08
100069,chadwatts,Mark Wright,M,"192 Cohen Inlet
Valeriehaven, OK 08284",daniellelloyd@gmail.com,1999-08-06
100070,wmartinez,Steve Flynn,M,"0205 Robert Streets
West Jennifer, MN 64951",jeffrey96@hotmail.com,1968-04-24
100071,whitakerlisa,Daniel Ellis,M,"7415 Roberts Circle
Port Patrickberg, MI 63660",joel87@gmail.com,1963-03-08
100072,michaelphelps,Albert Hernandez,M,"7365 Meghan Hill Apt. 697
Gayfort, SD 10688",ngarcia@yahoo.com,1975-06-11
100073,ucurry,Leslie Jenkins PhD,F,"PSC 0092, Box 7805
APO AA 50678",christinetanner@gmail.com,1975-08-07
100074,christine18,Kimberly Doyle,F,"0669 Taylor Brooks
Colemanville, IN 26856",jacksonsarah@gmail.com,1999-05-06
100075,zlewis,Nancy Turner,F,"7771 Paul Manors Apt. 879
North Timothy, VT 59621",gonzalezrandall@gmail.com,1967-11-30
100076,paulrobertson,Elizabeth Stevens,F,"8023 Wood Lane
Riveraton, MS 74587",wvazquez@gmail.com,1965-07-05
100077,ywaller,Amy Mccoy,F,"95139 Martin Hills
North Shannonmouth, RI 32812",gking@gmail.com,1957-12-29
100078,pamela46,Matthew Carter,M,"284 Gregory Expressway
Patrickside, WA 68337",jamesjackson@gmail.com,1915-10-10
100079,jamesstrong,Olivia Reese,F,"PSC 0599, Box 8478
APO AP 96705",kfernandez@yahoo.com,1992-03-05
100080,stephen82,Elizabeth Moore,F,"21254 Ethan Creek Suite 358
Port Judy, ME 17494",mcruz@hotmail.com,1999-11-17
100081,alvarezchris,Christopher Colon,M,"884 Hill Dale
Garciastad, ME 88340",mitchell79@gmail.com,1948-11-16
100082,mollymyers,Leah Rodriguez,F,"199 Dana Ville Apt. 651
North Brittanymouth, AR 12006",danielhoward@gmail.com,2012-11-03
100083,anthonymiller,Robert Brock,M,"165 Smith Villages
Richmondburgh, PA 64642",browntravis@gmail.com,2004-02-15
100084,xmartinez,Kerry Lane,F,"675 Colleen Turnpike
Johnsonborough, TX 50906",conwayjoseph@yahoo.com,2015-02-27
100085,hallbrad,Veronica Burch,F,"USS West
FPO AP 69457",carolinerowe@hotmail.com,2019-10-05
100086,johnlewis,James Fowler,M,"20785 Murray Fields
Hamptonbury, DC 73525",alexander63@gmail.com,1939-01-03
100087,xcortez,Peter Miller,M,"80592 Matthews Forges Apt. 828
Christinaport, OR 75168",wgraham@hotmail.com,1934-06-02
100088,hinescaleb,Mariah Acosta,F,"59317 Chavez Manors
Russellland, AK 73172",christopherberry@hotmail.com,1941-05-01
100089,varroyo,Erika Patterson,F,"6803 Isabel Overpass
Reyeston, IL 43648",daniel27@gmail.com,1925-07-27
100090,amandaleblanc,Douglas Bryant,M,"7431 Brooke Dale
South Elizabethburgh, HI 64068",robert01@hotmail.com,1955-11-21
100091,vjohnson,Sherry Ramirez,F,"56786 Nolan Club
Josephtown, AL 84920",dmorris@hotmail.com,1956-11-25
100092,kristy17,Diana Campbell,F,"07860 Ward Fall Suite 532
East Justinchester, NE 25372",iallen@gmail.com,1978-01-08
100093,victoriagarza,Carol Martinez,F,"USS Becker
FPO AP 74797",jasonfischer@hotmail.com,1916-01-19
100094,hpeterson,Ruth Kelly,F,"3905 Jacqueline Pine Apt. 908
Johntown, PW 90225",samuelhardin@yahoo.com,1978-12-31
100095,elizabeth99,Austin Ellis,M,"38555 Wiley Viaduct
West Michaelchester, WI 42159",gordonmatthew@hotmail.com,2009-08-01
100096,christian32,Shane Allen,M,"667 Bass Union Apt. 178
North Derekport, NC 73479",laurafarrell@yahoo.com,1958-06-04
100097,amanda94,Brian Jackson,M,"580 Brian Ways
Rushland, AR 13553",robertsgregory@yahoo.com,1963-09-05
100098,klewis,Tammy Hines,F,"16908 Mercedes Common Suite 069
East Seanside, DE 08878",foleymichael@hotmail.com,1916-04-04
100099,emilylarson,Jeff Bailey,M,"411 Tony Islands
Port Robert, LA 17956",ywhite@yahoo.com,1984-11-23
100100,hquinn,Heather Jones,F,"00934 Robert Estate
New Gregoryburgh, LA 60864",pedwards@hotmail.com,1917-10-10
100101,rebeccamaxwell,Susan Ayala,F,"9654 Johnson Mount Apt. 127
Joseport, OR 39454",jamiegarcia@yahoo.com,1945-03-25
100102,davisaustin,Tyrone Evans,M,"67377 Mark Branch
Ashleyville, WY 21380",kevinburch@gmail.com,1917-07-24
100103,morgan30,Tracy Mcdonald DVM,F,"1884 Laura Light Suite 887
Stanleyshire, FM 63276",graycole@gmail.com,1957-10-28
100104,goldentara,Paige Schmidt,F,"86825 Michael Expressway
Ramirezville, OK 30974",keithwhite@yahoo.com,1989-06-08
100105,glopez,Rebecca James,F,"4610 Sanchez Mall Suite 036
Kingland, IL 47162",lsmith@yahoo.com,1929-10-25
100106,umorgan,Caitlyn Miller,F,"85116 Jordan Parkway Suite 961
South Christopherstad, TN 81837",bergerjacob@gmail.com,1995-07-22
100107,peteranderson,Sarah Guerrero,F,"Unit 9253 Box 2868
DPO AE 60769",kimberlythomas@gmail.com,2022-09-23
100108,jordanjennifer,John Johnson,M,"96165 Gregory Pike Apt. 060
Combsshire, MN 58765",justin26@yahoo.com,2016-06-30
100109,jessicawagner,Dr. John Rivas,M,"328 Raymond Path Suite 650
Lake Cheryl, SD 77859",danielbrennan@yahoo.com,1952-11-07
100110,robertsilva,Connie White,F,"1487 Williams Flats
East Thomas, CT 63457",eric86@hotmail.com,1979-10-29
100111,jason75,Eric Foster,M,"51333 Morris Expressway Suite 017
Lake Cynthia, MP 26360",timothy87@gmail.com,1943-11-10
100112,ulewis,Michelle Mcguire,F,"2372 Barbara Ports
West Victoria, TX 29260",hendersondouglas@gmail.com,1966-12-08
100113,tricia91,Emily Lopez,F,"4021 Ford Summit Suite 121
New John, TX 27280",duncanwilliam@yahoo.com,1997-04-21
100114,wendy12,Stephanie Watson,F,"6094 Diane Estates
West Karenhaven, NV 43468",kennedyjason@yahoo.com,1920-03-20
100115,fcarter,Rebekah Smith,F,"1541 Romero Valleys Suite 600
East Sarahmouth, DC 51736",jonathan99@hotmail.com,1987-07-12
100116,alexanderkimberly,Mark Williams,M,"478 Joy Course
Youngbury, WA 09739",johnsonmarc@gmail.com,1974-11-09
100117,walkerwilliam,Amanda Reynolds,F,"5897 Luis Run Suite 058
West Jasminshire, IA 48952",jeffrey50@gmail.com,1999-06-11
100118,reeveswillie,Ryan Kim,M,"805 Wilson Canyon
Lake Kelli, NC 94672",nicholasweaver@yahoo.com,1994-12-20
100119,williamwright,Jason Garcia,M,"39412 Mueller Brooks
West Brian, GA 61499",umorales@yahoo.com,1962-12-06
100120,hayneschristina,Alejandro Snyder,M,"74823 Tom Curve
West Sharon, TX 94627",brian77@gmail.com,2021-11-20
100121,priscillareed,Brandon Oneal,M,"554 Valerie Creek Suite 021
Colemanside, PR 11912",angelajackson@gmail.com,2004-11-08
100122,jacksonjennifer,Sarah Johnston,F,"0239 Jessica Tunnel Apt. 577
West Caroline, NC 49096",linda99@gmail.com,1977-10-07
100123,marymiller,Caroline Benton,F,"3293 Richard Estate Suite 526
Miamouth, MO 42429",roweanna@gmail.com,2003-06-25
100124,christina95,Christopher Greene,M,"USNS Gilbert
FPO AE 57134",fergusonlauren@hotmail.com,1925-10-15
100125,middletonstacey,Christopher Chavez,M,"660 Smith Squares Apt. 146
South Janiceburgh, MA 94489",fhill@yahoo.com,1926-06-26
100126,wayne22,Donald Saunders,M,"46569 Whitney Lock
East Kimberly, FM 09354",aimee28@gmail.com,2022-07-15
100127,jmiller,Samantha Richardson,F,"3232 Susan Gateway Suite 224
Aarontown, AK 78810",kristinemorrison@hotmail.com,1918-12-18
100128,morganholmes,Denise Jones,F,"7326 Austin Land Apt. 629
Anthonyshire, VA 15349",rsmith@hotmail.com,1999-05-07
100129,eclarke,Christine Ryan,F,"7433 Mendoza Mountain
Port Hayley, SC 77613",lindabell@yahoo.com,1981-06-01
100130,david49,Mary Nguyen,F,"805 Andrea Manor
Karenland, KY 67916",kristinarussell@yahoo.com,1933-11-16
100131,trevinokimberly,William Hall,M,"Unit 5919 Box 8975
DPO AE 26513",steven18@hotmail.com,1976-11-03
100132,owalker,Terry Hall,M,"6377 Jeremy Manors
South Travis, NJ 90068",nmassey@yahoo.com,1983-08-25
100133,juliekoch,Teresa Boyd,F,"1542 Anderson Skyway
Riddlehaven, GA 85978",aguilarstephanie@gmail.com,1934-03-06
100134,dylan06,Kevin Martinez,M,"10708 Tamara Avenue Apt. 986
South Matthew, DE 48027",xspence@gmail.com,1981-02-07
100135,elizabethrivera,Samantha Sanchez,F,"43985 Garrett Lake
Adammouth, OH 93349",rcline@yahoo.com,1972-09-23
100136,wkrause,Mr. William Frost,M,"43828 Rodriguez Harbors Suite 251
New Hannahside, OR 43062",james64@hotmail.com,1964-03-14
100137,ufuller,Ruth Perry,F,"70482 Kelly River
Hartmanberg, NE 34725",twhite@yahoo.com,2021-09-15
100138,rodriguezvictoria,Robert Murphy,M,"8901 Jordan Brook Suite 025
Hayesburgh, MA 77381",cwilson@gmail.com,1960-07-12
100139,donaldturner,Natasha Long,F,"8060 Berger Union
Yatesstad, AZ 71775",penacheryl@hotmail.com,1959-11-07
100140,william71,Andre Martin,M,"10820 Frederick Glen Suite 443
Garyton, KS 21999",laura37@hotmail.com,1956-06-13
100141,georgebrandon,Laura Young,F,"179 Katie Pass Suite 911
South Bruceshire, SC 90796",gkline@hotmail.com,1997-05-19
100142,garciachristine,Darius Fisher,M,"8882 Smith Light
South Lorrainetown, CA 82680",barrettmary@gmail.com,1956-04-04
100143,david35,David Wheeler,M,"537 Tina Grove Apt. 093
Stanleyborough, NH 65062",daisywilson@gmail.com,1995-07-21
100144,thorntonrobert,Shannon Dillon,F,"280 Ward Fall
Williamsport, MT 94238",holmesadam@yahoo.com,2000-03-22
100145,ecompton,Edward Woods,M,"34574 Morgan Path Apt. 895
Cobbburgh, VT 20535",james49@gmail.com,1908-01-23
100146,danielpatel,Nancy Torres,F,"95874 Ashley Rest Apt. 478
New Leah, MN 34586",ihill@hotmail.com,1945-12-16
100147,watsonjason,Amanda Boyd,F,"9902 Rogers Canyon Apt. 979
Campbellfurt, NC 78809",jeffrey61@hotmail.com,2002-09-04
100148,qmason,George Barron,M,"02963 Pruitt Stream Suite 434
Trujillofort, VT 83293",aliciabaldwin@gmail.com,1968-11-27
100149,jameskelly,Matthew Mcmillan,M,"270 Castillo Grove
Williammouth, IL 79175",timothy47@yahoo.com,2011-07-23
100150,smithsharon,Colleen Sullivan,F,"630 Nelson Islands Suite 602
North Robert, VT 62898",yburns@yahoo.com,1965-08-18
100151,icasey,Sharon Peterson,F,"Unit 3259 Box 5159
DPO AP 26973",nathanielharrison@gmail.com,1914-06-30
100152,sherri13,Mary Oneill,F,"069 Brandi Expressway
Kathleenmouth, AK 51396",kathleenbarnes@yahoo.com,1995-04-10
100153,matthewsmith,Micheal Collins,M,"932 Wilkins Junction Apt. 558
Norristown, TX 54194",ashley91@hotmail.com,1994-05-29
100154,mary40,Priscilla English,F,"20333 Davis Station
Kyleborough, MH 90632",anthonyjohnson@gmail.com,1980-05-18
100155,angela06,Tina Campbell,F,"054 Lee Lakes Suite 964
South Justinburgh, OK 61495",pricedavid@yahoo.com,1983-09-21
100156,amanda17,Laura Singh,F,"338 Bauer Bypass Suite 255
Gomezstad, NV 55104",ktorres@yahoo.com,1987-02-02
100157,lyonsbrian,Matthew Payne,M,"8664 Amber Falls Apt. 055
North Allison, PA 04402",nicholas73@yahoo.com,1926-02-05
100158,stantondeanna,Andrew Williams,M,"1284 Gross Parkways Apt. 978
East Michael, PR 38161",jwilliams@yahoo.com,1964-03-20
100159,malonealexis,Rhonda Hansen,F,"7540 Austin Glen Suite 900
Tuckerberg, NE 61567",brittneymiller@gmail.com,1922-10-22
100160,tstewart,Alex Potter,M,"05658 Kelly Park
Hortonchester, VT 74807",jgood@gmail.com,1957-11-23
100161,mitchelljamie,Lindsay Robbins,F,"6867 Henry Loop
Lake Kennethborough, IN 32259",qhernandez@hotmail.com,1974-05-10
100162,bethwatson,Anne Soto,F,"USCGC Montgomery
FPO AE 58921",carla52@gmail.com,1955-10-13
100163,kevinlopez,Samantha Lee,F,"7289 Cannon Field Apt. 844
East Mollyport, MP 00827",sthompson@gmail.com,1942-03-17
100164,andersonjody,Lindsey Thomas,F,"69885 Steven Way
South Noahtown, GA 59534",matthew13@gmail.com,2002-10-05
100165,jacobrose,Katherine Abbott,F,"0453 Marie Via
South Jefferyberg, AK 91684",thompsonashley@gmail.com,1997-01-01
100166,khughes,Annette Kent,F,"USNV Mckinney
FPO AP 91680",nicholasharris@gmail.com,2015-11-30
100167,donaldbennett,Cindy Peterson,F,"49588 Taylor Heights Suite 765
Cassandratown, ID 85879",lisa83@yahoo.com,1917-05-03
100168,wilsonkristin,Vanessa Castillo,F,"35967 Katherine Mountain Suite 129
West Tiffany, WV 06275",paulchapman@hotmail.com,1954-10-16
100169,allisonbates,Christopher Butler,M,"442 Oconnell Landing
Kimberlyview, NE 20494",frodriguez@hotmail.com,1944-06-15
100170,ngibson,Beth Beard,F,"90473 Brooks Summit Suite 970
Candiceville, ND 70689",luceroamy@hotmail.com,1983-05-30
100171,cwilson,Catherine Moore,F,"11610 Hayes Circles
Mendozaport, WV 70231",kyle90@gmail.com,1925-02-21
100172,sonyabates,Kathryn Trujillo,F,"27843 Stevens Views
Dukeberg, GU 42266",lloydangela@gmail.com,1946-10-03
100173,edwin30,Amanda Bell,F,"0962 Ross Mount
North Ronaldfurt, VA 14218",davidlopez@yahoo.com,1944-10-11
100174,crobinson,Bianca Brewer,F,"1518 Dougherty Highway Suite 549
Port Karenstad, PR 83300",ecollins@hotmail.com,2011-12-21
100175,barbaraburnett,Laura Waters,F,"85709 Lee Forges Apt. 433
Vanessastad, WV 79484",jodihernandez@gmail.com,1943-03-26
100176,hardingbenjamin,Rachael Vaughn,F,"824 Jason Extension Apt. 025
East Pamela, MP 86275",thomas70@gmail.com,1948-06-12
100177,rachel62,Misty Proctor,F,"14895 David Locks Suite 018
Lambmouth, CT 39273",kenneth62@gmail.com,1949-03-24
100178,timothymcgee,Derek Jones,M,"3747 Chavez Extensions Apt. 464
Reevesside, RI 63357",sarahkeller@hotmail.com,2009-11-06
100179,ahebert,Angelica Craig MD,F,"USS Bailey
FPO AE 39343",mercedes34@yahoo.com,1992-01-03
100180,davidsonphyllis,Stephen Moore,M,"61131 Patel Green Suite 000
Lake Moniqueburgh, TN 48009",allen18@hotmail.com,1975-09-22
100181,martinmichael,Debbie Reyes,F,"131 Peter Creek Apt. 014
Kurtberg, RI 71461",rodneyrowe@gmail.com,1996-05-19
100182,wmcdonald,Robert Willis,M,"951 David Terrace
Gailbury, WV 09838",jeffreygomez@hotmail.com,1932-04-13
100183,cohencrystal,Elizabeth Cline,F,"358 Jennifer Overpass Apt. 802
Port Peterview, HI 73919",cmendoza@gmail.com,1907-12-15
100184,mccarthyvanessa,Todd Martinez,M,"88598 Hartman Corners
Markchester, VT 81947",morgan82@gmail.com,1920-04-29
100185,creyes,Ricky Terry MD,M,"8808 Mitchell Ridge
Beanberg, AR 45668",michellestevens@gmail.com,1979-03-04
100186,manuel96,Thomas Miller,M,"991 Kristopher Plaza Apt. 253
North Wendy, WY 93691",ashleyward@yahoo.com,1935-04-04
100187,dominic93,William Miller,M,"24688 Seth Spring
Port Jasonside, GA 36920",gilmorepatricia@gmail.com,1963-03-23
100188,gordondavid,Steven Bowen,M,"Unit 8257 Box 6304
DPO AE 18261",clarkbobby@yahoo.com,1975-05-22
100189,yvonnebarry,Janet Fox,F,"Unit 3644 Box 8736
DPO AE 35959",ewinghannah@gmail.com,2016-03-31
100190,kboyd,Barbara Schneider,F,"30924 Martinez Fall
New James, PR 41268",tamara17@gmail.com,2008-11-15
100191,bdickerson,Cynthia Arnold,F,"784 Mcdonald Corner
Whiteview, MH 64119",watkinskayla@gmail.com,1992-11-19
100192,robertsmanuel,Brenda Odonnell,F,"04545 Robert Harbors
Bethfurt, NC 06044",josegraves@yahoo.com,1922-02-05
100193,juliehall,Sean Henderson,M,"911 Barton Court
Vasquezbury, MS 07759",kristenpearson@hotmail.com,1973-04-04
100194,moorechelsea,Judy Kemp,F,"44146 Bridges Extension
Craigville, IN 72786",umendoza@hotmail.com,1964-06-19
100195,jonathan39,Brian Williams,M,"8158 Coffey Fords Suite 084
Phillipbury, FM 64836",maurice02@hotmail.com,2020-10-22
100196,csaunders,Michael Neal,M,"7892 Lee Creek Apt. 720
Port Tristan, HI 63592",shannonelizabeth@hotmail.com,1991-05-13
100197,candicemarquez,Sean Armstrong,M,"03344 Wayne Creek
Lozanoland, OH 98841",rebecca74@gmail.com,2001-05-15
100198,christinavalentine,Nancy Harper,F,"0891 Garcia Square
East Chloe, CT 91136",munozanita@hotmail.com,1942-02-27
100199,peterhooper,Jeffrey Henry,M,"083 Mariah Terrace Apt. 173
Tammyville, WA 36542",ericawillis@yahoo.com,1923-06-12
100200,marymeyer,Lindsey Reynolds,F,"73320 Elizabeth Mountain
Lake Bryanville, IN 03858",kday@yahoo.com,2015-11-21
100201,zcook,Mark Silva,M,"06151 Brown Harbors
West Amber, HI 48600",samuelrivera@gmail.com,1984-01-05
100202,courtneyrobinson,Renee Rivera,F,"USCGC Mcbride
FPO AA 15648",william43@yahoo.com,1993-04-05
100203,showell,Vicki Holloway,F,"60816 Davis Walk
South Daniel, IA 94967",erin12@gmail.com,1959-09-07
100204,andrew80,Abigail Valentine,F,"85263 Gomez View
Lindseychester, OK 37688",georgemaxwell@yahoo.com,1940-12-12
100205,floresamanda,William Vasquez,M,"4361 Garza Fall Suite 619
New Justinbury, NC 79917",maxwelljesse@hotmail.com,1944-01-20
100206,ffoley,Carlos Robinson,M,"8937 Morris Points Apt. 558
Lauramouth, OH 36790",shortchristopher@yahoo.com,1965-10-06
100207,shane78,Jennifer Russell,F,"Unit 7640 Box 5585
DPO AE 84300",vincent99@hotmail.com,1952-10-11
100208,aprillynch,Terry Roberts,M,"939 Rogers Courts
South Davidton, DC 11867",ajohnson@gmail.com,1963-04-21
100209,hlewis,Tammy Walker,F,"USS Barron
FPO AA 97174",gilmoremartin@gmail.com,1951-01-28
100210,tayloralyssa,Micheal Wallace,M,"628 Michelle Motorway
South Andrew, PW 99452",williamsjessica@hotmail.com,1969-02-17
100211,joanna99,Timothy King,M,"9795 Tony Forge Suite 090
Lake Amyland, MD 18530",andreakennedy@hotmail.com,2000-04-18
100212,bill20,Brandi Cameron,F,"896 Margaret Estates
Hallbury, NV 54220",rleon@hotmail.com,1988-04-11
100213,torresmarc,Randy Taylor,M,"629 Kelly Knoll
Mooreborough, CO 20514",philipjackson@yahoo.com,1946-05-23
100214,tina40,James Stanton,M,"0392 Clayton Extensions
West Sandra, AK 21620",douglas31@gmail.com,1913-10-25
100215,richardsmith,Laura Murray,F,"918 Misty Mill Apt. 129
West Derek, MT 62989",bruceann@gmail.com,1960-06-20
100216,lawrence07,Jason Dean,M,"731 Ryan Mission
Paulaborough, NM 48931",candicemorales@gmail.com,1925-06-05
100217,fmiller,Sharon Obrien,F,"4207 Thomas Inlet Suite 523
North Erin, DE 04208",davisdanny@gmail.com,1996-03-26
100218,stephaniemoore,Brandy Riley,F,"653 Mathews Mews Apt. 244
Jonesberg, MD 58375",owilliams@yahoo.com,1923-11-10
100219,reginathomas,Robert Black,M,"USNS Wood
FPO AP 73384",dawn09@gmail.com,1973-08-20
100220,mayers,Jennifer Johnson,F,"1429 Garcia Lodge
Carrollport, OH 60351",stacyschultz@gmail.com,1928-10-20
100221,greenemelissa,Brendan Baker,M,"PSC 8542, Box 4324
APO AP 80282",qhart@gmail.com,2020-04-12
100222,simmonsmelvin,Christopher Cook,M,"72767 Robert Manor Suite 105
Port Kimberly, CT 39237",tstewart@yahoo.com,1919-03-03
100223,jerrysmith,Jasmine Brown,F,"78227 Amy Turnpike Apt. 913
East Carlosberg, WI 34893",jessicawhite@yahoo.com,1977-07-07
100224,whitebrendan,John Romero,M,"233 Denise Route
Port Brianborough, AK 63706",valerie83@gmail.com,1967-12-29
100225,bevans,Emily Garcia,F,"7102 Howell Mountain Suite 673
Port Erik, MO 06580",marquezjohn@hotmail.com,1962-02-09
100226,hubbardmartha,Rachel Edwards,F,"9657 Justin Fields Suite 584
Lake Veronicastad, TX 12738",murphyrussell@yahoo.com,2003-05-11
100227,jacob35,Michele Edwards,F,"794 Randy Junctions
Daltonfurt, MT 28327",tristanjuarez@hotmail.com,1909-01-15
100228,perezjustin,Catherine Williams,F,"325 Martinez Throughway Suite 567
Colemanshire, LA 57892",stoneclinton@hotmail.com,1923-01-31
100229,clarkjack,Stephanie Colon,F,"45676 Ferrell Locks Suite 794
New Sarah, NC 66109",istewart@gmail.com,2018-04-19
100230,buckleymichael,Alicia Banks,F,"3897 Lisa River Apt. 994
Port Katiestad, OK 79372",michelegreen@gmail.com,1922-06-03
100231,diana54,William Tate,M,"PSC 5822, Box 9530
APO AE 43376",craig04@hotmail.com,1945-05-20
100232,saunderslindsay,Jennifer Holland,F,"194 Michael Parkway
West Jasmine, IL 49327",barbara60@gmail.com,2014-01-07
100233,stoneamber,Kimberly Morales,F,"63608 Jeffrey Causeway Suite 590
North Sarahmouth, IA 73608",kjordan@yahoo.com,2021-01-08
100234,mary71,Michael Clark,M,"6582 Buckley Branch
Nicoleton, VA 06649",ryantina@hotmail.com,1963-10-08
100235,damon90,Kimberly Lin,F,"894 Burke Ford
East Alanburgh, IL 86895",jjoseph@hotmail.com,1960-11-13
100236,kimberly11,Brandon Garrett,M,"9055 Shannon Meadow
Lake Williamfort, NY 56699",frobertson@hotmail.com,2005-12-24
100237,ymendez,Chelsea Hall,F,"773 Cynthia Squares Suite 308
Perryland, MS 45245",hjenkins@hotmail.com,2013-03-08
100238,qbrown,Jennifer Ortiz,F,"PSC 8721, Box 0456
APO AP 08872",mgreene@hotmail.com,2004-06-21
100239,leeapril,Heidi Krueger,F,"9217 Patricia Parks Suite 898
West Gary, WV 28253",nashannette@yahoo.com,2003-05-03
100240,millermichelle,Kylie Smith,F,"909 Matthew Junctions Apt. 387
South Christopherborough, MH 56300",glarson@yahoo.com,1943-01-16
100241,scottleblanc,Lisa Carlson,F,"8771 Castillo Center Apt. 394
Port Michaelfort, CO 48733",hmejia@hotmail.com,1990-03-16
100242,myates,Emily Palmer,F,"476 Sutton Glens Suite 714
Hilltown, NH 26057",patriciatorres@yahoo.com,2001-07-02
100243,ashley00,Ashley Randall,F,"56409 Blankenship Ridge Suite 205
Grosschester, DC 29892",hamiltonbrittany@yahoo.com,2022-12-14
100244,bserrano,Brian Marshall,M,"87615 Jeffrey Divide Suite 268
North Steven, FL 31799",msmith@yahoo.com,2021-07-28
100245,blake36,Jason Hernandez,M,"70718 Michael Tunnel Suite 605
Myersport, LA 36422",xgonzalez@hotmail.com,1913-05-25
100246,kristina14,Ryan Nguyen,M,"3812 Walters Manor Apt. 563
New Shaneville, NJ 78632",fieldslisa@yahoo.com,1987-09-03
100247,carterjenna,Jason Coleman,M,"672 Hudson Prairie
Littletown, MA 45714",fgreene@hotmail.com,1948-01-26
100248,marvin45,Bryan Harrison,M,"56442 Wendy Squares Suite 648
East Andrew, WA 83193",mitchelltony@yahoo.com,1977-06-21
100249,thompsonjeanette,Emma Smith,F,"39734 Kyle Crossing Suite 513
Michaelville, KY 00857",weberelizabeth@hotmail.com,1991-06-24
100250,alexandrareid,Ashley Hart,F,"8821 Lance Bridge Suite 724
South Christinamouth, OH 67865",dunnchristopher@gmail.com,1933-05-24
100251,tylerdixon,Malik Franklin MD,M,"69657 Ramirez Streets Suite 048
Laurenfurt, TX 31477",deanthomas@yahoo.com,1966-07-19
100252,camposchristopher,Anna Hooper,F,"582 Rowe Plains
North Danielberg, VT 20137",karen49@gmail.com,1917-09-27
100253,bhall,Christina Kelley,F,"326 Brandon Plain Apt. 895
New Michaelton, NC 93183",swilson@hotmail.com,1994-08-15
100254,uburgess,Robert Chavez,M,"PSC 2901, Box 5216
APO AE 13081",lisaphillips@yahoo.com,2019-06-25
100255,jonathancarter,Barbara Thompson,F,"286 Rodriguez Path Suite 240
Lindseyport, MO 60109",patricia57@gmail.com,1927-07-05
100256,sheri52,Stanley Shaffer,M,"Unit 2325 Box 1182
DPO AA 65063",qwilliams@yahoo.com,1920-09-30
100257,buchananmegan,Nathan Hensley,M,"8157 Angela Avenue Suite 961
Joshuamouth, RI 85711",richardsonkevin@yahoo.com,1914-07-14
100258,estradaregina,Grace Ellis,F,"127 Ramirez Street Apt. 144
Beasleymouth, CO 03510",brandydavis@yahoo.com,1968-07-04
100259,iyates,Nancy Anderson,F,"USCGC Stewart
FPO AA 84685",rwood@yahoo.com,1944-07-12
100260,leonardjenkins,Leon Anderson,M,"897 Beltran Wells
Port Cory, OH 84815",slopez@gmail.com,1944-12-21
100261,woodsashley,Kimberly Stone,F,"USS Rogers
FPO AA 79086",erin02@gmail.com,2018-09-19
100262,crossstacey,Casey Tucker,F,"76320 Flores Bridge Apt. 990
Kevinshire, ME 68423",lcox@yahoo.com,1998-06-07
100263,utorres,Alexander Rivers,M,"539 Briggs Lakes Suite 457
West Katherine, MD 40274",jeremyhernandez@hotmail.com,1995-09-16
100264,turnerjoseph,Vickie Griffith,F,"89712 Wyatt Estates Apt. 828
South Stephenstad, KY 41695",charlespalmer@gmail.com,1937-11-10
100265,davidlane,Nathan Turner,M,"952 Ernest Pike
Lake Robert, MP 47482",devin42@yahoo.com,1997-11-06
100266,andrew28,Bryan Wilson,M,"279 Charles Lodge
East Jonathan, ID 11355",wallacematthew@gmail.com,1956-02-22
100267,traceyhill,Kevin Miller,M,"1363 Marquez Views Suite 661
Brookston, MA 97582",fgordon@hotmail.com,1939-03-30
100268,thomasochoa,Mark Rivera,M,"95313 Jackie Radial Suite 549
North Leah, MS 54347",portermaria@hotmail.com,1930-04-26
100269,rpeck,Joan Tate,F,"78110 Long Mall Apt. 012
Hugheston, CT 78607",vincent65@yahoo.com,1994-08-28
100270,kathleen76,Christina Jones,F,"4733 Bennett Center
Jacobstad, MH 10847",amyallison@gmail.com,2020-04-06
100271,johnsonnatalie,Leslie Lynn,F,"0339 Hebert Club Suite 654
Port Annport, GU 18883",ronald87@gmail.com,1977-12-17
100272,rhodesalbert,Tony Miller,M,"31676 Fry Fall
South Scottchester, MN 51615",nlopez@hotmail.com,1968-03-15
100273,sarah08,Daniel Austin,M,"64283 Anthony Garden
West Jeffery, NC 78093",jonesholly@yahoo.com,1933-06-21
100274,nguyenjerry,Ryan Brown,M,"91919 Weaver Neck
Port Julieland, MS 49629",patricia07@yahoo.com,1942-07-30
100275,sethmoore,Kristen Randall,F,"8340 Flores Summit
Victorialand, MO 37652",alexandria52@gmail.com,1940-10-18
100276,mroberts,Denise Cruz,F,"47900 Ramirez Bypass
Savannahfurt, AK 13516",simpsonmichael@hotmail.com,1940-05-09
100277,brownmichael,Michael Golden,M,"Unit 5366 Box 2399
DPO AA 13706",hluna@hotmail.com,1955-02-07
100278,morganjoseph,Alicia Johnson,F,"940 Brent Ridges
Garyton, AR 77932",carteralexis@hotmail.com,1929-08-21
100279,sawyerdaniel,Destiny Miller,F,"90837 Ronald Village Suite 829
South Rhondatown, MH 35654",petersonjo@hotmail.com,1953-12-13
100280,bushjulie,Drew Wilson,M,"7085 Allison Isle Apt. 492
New Williamville, ND 42460",wlevy@gmail.com,1964-04-29
100281,nramirez,Shannon Rhodes,F,"679 Tony Rest
Ballmouth, UT 91146",jonathan45@hotmail.com,1974-04-01
100282,ylyons,Michael Wilkins,M,"97233 Thompson Square
Angelamouth, MP 84068",aschneider@gmail.com,1967-04-02
100283,rodriguezsamuel,Sarah Lindsey,F,"USCGC Bates
FPO AE 48987",amanda23@gmail.com,1935-05-24
100284,danielbell,Daniel Wilson,M,"1896 Kirby Circle
East Gregory, WV 67618",shane88@hotmail.com,1961-06-21
100285,andersontiffany,Larry Grant,M,"8789 Torres Extension Suite 778
Hallton, SD 83570",craigclarke@gmail.com,1997-04-19
100286,wvalencia,Kimberly Davis,F,"0236 Gray Station Apt. 162
Wandaton, CA 13441",jose09@yahoo.com,1927-10-14
100287,benjaminhenderson,Joshua Torres,M,"7509 Jonathan Junction
Lake Steve, PW 21298",mbaker@gmail.com,1926-06-14
100288,langjamie,Kyle Baker,M,"10897 Eduardo Ranch
Walkerfurt, NE 98538",tanner54@gmail.com,2012-05-17
100289,williamsbriana,Jeffrey Torres,M,"24264 Frost Burg Apt. 049
New Nicoleland, CA 70214",cruzjeffrey@yahoo.com,1984-06-05
100290,wandamora,Paul Smith,M,"3219 Richard Bypass Apt. 321
Jimenezton, MN 12725",madeline66@hotmail.com,2017-12-26
100291,andrea92,Alexander Hobbs,M,"Unit 1494 Box 1013
DPO AE 83042",griffinrhonda@hotmail.com,2016-03-27
100292,michellegreen,Melissa Wolf,F,"12139 Andrea Passage Apt. 802
South Adam, PR 26861",sarahthompson@gmail.com,1986-10-11
100293,richardbeck,Hannah Williams,F,"2154 Sanchez Cliff Suite 903
Lake Michael, RI 91457",alison12@yahoo.com,2010-02-20
100294,patriciapittman,Lori Soto,F,"47758 Brenda Points
East Johnnyburgh, CO 85727",mark96@hotmail.com,1987-03-04
100295,michael94,Jennifer Porter,F,"6372 Vasquez Alley
Annetteport, WV 73990",catherinesmith@hotmail.com,1910-08-29
100296,christopher76,Raymond Cisneros,M,"61590 Bradley Ramp Apt. 938
Lake Emilyburgh, KY 62580",heatherchavez@gmail.com,1937-08-04
100297,colemangeorge,Holly Smith,F,"8009 James Corners Apt. 606
West Gary, MN 45904",fsalas@gmail.com,1908-08-02
100298,cbuchanan,Erin Brown,F,"4151 Butler Hollow
New Vickie, NY 72319",qtorres@yahoo.com,1922-03-31
100299,richardward,Joshua Bell,M,"424 Brenda Meadow
Phillipsburgh, CA 87233",taylor44@hotmail.com,1994-06-09
100300,campbellmichael,Shane Allen,M,"1022 Coleman Drive Suite 323
Perryside, UT 46468",smithjohn@hotmail.com,1936-11-09
100301,nicole05,Valerie Davis,F,"49017 Valencia Throughway
Moorebury, MA 64626",pamela04@hotmail.com,1989-07-12
100302,johnsonpaul,Sean White,M,"41815 Fuller Springs Suite 504
Timothyton, MP 60977",pattersonjames@gmail.com,2010-03-12
100303,evanspatricia,Michael Schmidt,M,"26313 Case Mission Apt. 218
South Kristinberg, PW 81944",ujohnson@hotmail.com,1989-08-28
100304,susan29,Jim Thompson,M,"6740 Johnson River
Cantuchester, CO 22730",ygraham@yahoo.com,1991-03-14
100305,uroberts,Richard Martin,M,"0343 Jenkins Corner
Lake Brian, FL 89391",rodriguezerica@hotmail.com,1963-02-23
100306,sbean,Joy Watkins,F,"5261 Bishop Parkways Apt. 689
Port Rachel, IN 32562",hornmadeline@gmail.com,1973-12-19
100307,nolankaren,John Day,M,"26305 Perry Vista
Justintown, VI 41925",woodardkristin@yahoo.com,1923-08-14
100308,srodriguez,Jennifer Murphy,F,"602 Martin Overpass Suite 913
Drakeville, IL 33590",curtisallen@gmail.com,1987-05-12
100309,sparker,William Martinez,M,"9021 Andrew Ridges Apt. 846
Port Sarahburgh, ND 26683",evasquez@gmail.com,1924-10-26
100310,comptonpeggy,Jose Watkins,M,"0329 Davis Rue Apt. 469
Port Kim, OR 73059",hpeters@hotmail.com,1950-01-27
100311,pdecker,Donna Vargas,F,"080 Gregory Keys Suite 752
Schaeferbury, CO 90180",dylan29@gmail.com,2014-06-14
100312,fgreen,Karl Russell,M,"186 Pugh Glens Apt. 881
Maldonadomouth, CA 52636",tonya09@gmail.com,2005-11-28
100313,brownbrett,Dr. Joel Davis,M,"PSC 4151, Box 0816
APO AA 08253",brianmckee@yahoo.com,1907-08-27
100314,lindadavies,Thomas Avila,M,"904 Christy Forges
Ruizberg, MO 55286",millerdavid@yahoo.com,1951-08-30
100315,steven20,Abigail Harrison,F,"438 Daniel Rest Suite 295
Port Brianaberg, FM 65102",bethgordon@yahoo.com,2015-02-02
100316,anthony39,Danielle Barry,F,"71877 Alejandro Stravenue
South Shannonstad, ND 99752",ianberg@gmail.com,1971-01-08
100317,bradley92,Lori Ford,F,"1288 Smith Plains
Bradleyberg, CO 94951",mark62@yahoo.com,1918-10-06
100318,fwilliams,Denise Chen,F,"769 Misty Flat Apt. 795
Averyhaven, AK 79110",jason86@gmail.com,1916-09-21
100319,robinsonkelly,Bryan Walker,M,"66679 Zachary Walks
Jerryside, GU 48971",jay90@hotmail.com,2008-03-01
100320,kimberly78,Scott Jackson,M,"01259 Catherine Prairie Apt. 097
East Peggymouth, NC 17920",daniel72@hotmail.com,2015-01-04
100321,ashley40,Robert Edwards,M,"741 David Walks
East Daniel, AK 68203",leslie24@hotmail.com,1925-09-24
100322,lholt,Jason Phillips,M,"328 Ingram Centers Suite 116
Jeffreystad, IN 15858",timothyjames@gmail.com,1933-04-02
100323,bellmallory,Lisa Perkins DDS,F,"USCGC Gregory
FPO AP 81729",crystalmays@gmail.com,1948-03-20
100324,swilliams,Cheyenne Myers,F,"25408 Miguel Shoals Suite 355
Port Laurenfort, AZ 53860",stephenparks@gmail.com,1977-09-24
100325,wongkimberly,Ricardo Adams,M,"496 Amy Lodge
South Peterfort, NJ 32562",adamcook@hotmail.com,1917-07-08
100326,rivasmatthew,Patricia Bell,F,"88207 Nguyen Path Apt. 772
Heathermouth, AK 53179",shawsarah@gmail.com,1981-11-15
100327,carla22,Caitlyn Ochoa,F,"615 Jill Harbors Apt. 386
Port Josephfort, CA 12344",kimberly39@hotmail.com,1944-03-14
100328,estradalindsey,Jennifer Garcia,F,"23293 Mcdonald Terrace
New Charles, VI 42500",qmoyer@gmail.com,1997-03-25
100329,richardwood,Robyn Glenn,F,"4193 Richard Pass Suite 350
Lake Claudiaville, FL 20324",lopezjoshua@yahoo.com,1944-08-07
100330,jenniferbennett,Jennifer Contreras,F,"962 Bryant Dam Suite 557
Davidsonfurt, RI 12495",marckelley@yahoo.com,1988-03-10
100331,brett19,Stacy Young,F,"55328 Gray Knolls
East Andrea, VT 94381",stacyflores@hotmail.com,1984-01-28
100332,traviscastro,Jason Young,M,"452 Valerie Creek
Richardsville, GA 14313",robert92@yahoo.com,1960-10-24
100333,michaelscott,Joshua Peterson,M,"066 Guerrero Islands Apt. 969
East Matthewhaven, NV 63988",mary73@gmail.com,2016-08-13
100334,vboyd,Sherry Gonzalez,F,"699 Torres Streets
North Tina, MS 31586",xburke@yahoo.com,1920-04-05
100335,ryan58,Joshua Lee,M,"791 Savannah Drive
Lake Christopher, TX 09061",heatherburke@gmail.com,1981-04-23
100336,andrea72,Ricardo Watkins,M,"62772 Todd Rapids Suite 293
Patrickland, GA 04491",kphelps@yahoo.com,1968-10-26
100337,ularsen,Jacqueline Ritter,F,"Unit 9705 Box 7208
DPO AP 44014",imcpherson@yahoo.com,1995-06-25
100338,schwartzchristopher,Frederick Dunn,M,"7980 Julie Trafficway
Youngburgh, CT 51002",uray@gmail.com,2007-12-22
100339,bentleyteresa,Thomas Young,M,"36956 Joseph Meadow Apt. 783
Woodsfort, MN 55420",taylor29@gmail.com,1918-02-09
100340,mackenzie16,Oscar Hall,M,"USCGC Price
FPO AE 02474",tbrown@yahoo.com,1936-08-22
100341,michaelbrown,James Evans,M,"37161 Joseph Park
Hallview, ID 45492",uwilson@hotmail.com,1919-05-04
100342,jonesrenee,Emily Fernandez,F,"2032 Angela Springs
South Monica, WA 01222",joanngonzalez@hotmail.com,1910-04-04
100343,fernandezchad,Gregory Gonzalez,M,"678 Joann Causeway
Dixonberg, LA 62955",robert02@yahoo.com,1939-01-14
100344,sking,Martin Soto,M,"5642 Williams Manor
Jorgefort, LA 50687",frankpeterson@yahoo.com,1966-06-01
100345,deborahguerrero,Barbara Mcgee,F,"Unit 7412 Box 5943
DPO AE 85996",bhansen@yahoo.com,2011-06-28
100346,beckerjoshua,Johnny Henry,M,"14015 Jeffrey Passage Suite 598
Port Anna, GU 16202",ewhite@yahoo.com,1951-04-12
100347,jessica92,Brandon Bell,M,"139 Greer Inlet
Kimberlyport, NJ 64327",fadams@gmail.com,1927-06-10
100348,veronica12,John Fitzgerald,M,"9710 Diana Ranch Suite 747
New Deborahfurt, FL 79542",xmartin@yahoo.com,1941-04-05
100349,alyssa01,John Harris,M,"571 Brett Green
East Arielmouth, MS 10785",normabrown@gmail.com,1955-06-09
100350,oflowers,Diana Butler,F,"8320 Howard Circle
Deanstad, MH 17237",jaime31@gmail.com,1997-07-08
100351,vcompton,Laura Barker,F,"Unit 6924 Box 0895
DPO AE 51175",bwalsh@yahoo.com,2017-12-24
100352,waltersedward,Thomas Cox,M,"6414 Andrew Cliff Suite 469
Stanleytown, WY 91427",bradleynguyen@hotmail.com,1984-04-24
100353,yberry,Jennifer Houston,F,"258 Luna Road
East Samuelview, WI 08393",seankemp@gmail.com,1942-04-18
100354,fernandojones,Hannah Ali,F,"56681 Thomas Path Apt. 299
West Zachary, MP 06356",lisa70@gmail.com,2001-07-18
100355,orozcomelissa,Maria Brown,F,"7739 Lori Street
West Angela, WI 24187",cgreen@yahoo.com,2018-12-24
100356,tiffany87,Natalie Miller,F,"4982 Derrick Place Apt. 930
North Jameschester, CO 16679",erinthomas@gmail.com,2016-11-22
100357,ochandler,Dustin Hebert,M,"4610 Baker Greens
Lake Melissaberg, ND 61953",rachel48@hotmail.com,2009-04-23
100358,hschneider,Samantha Johnson,F,"407 Derek Hollow Apt. 435
East Amybury, HI 52170",ostrong@hotmail.com,1976-12-08
100359,bondjeremy,Amber Maddox,F,"64940 Daniel Fork
Evansburgh, KY 22433",ryancross@gmail.com,1910-03-25
100360,stephen54,Donald Allison,M,"3318 Ford Center Suite 267
New Elizabeth, TX 85912",clarkfrancisco@hotmail.com,1988-06-06
100361,glopez,Jason Warren,M,"0372 Bruce Ferry
Berryview, VA 19697",nbrown@yahoo.com,1951-07-13
100362,edwarddavid,Jack Davis,M,"608 Moore Spring
Cranebury, VI 41945",marygregory@gmail.com,1994-05-08
100363,ushepherd,Emily Sanchez,F,"69098 Little Avenue
Staceychester, MN 70967",kevincollins@yahoo.com,2001-01-09
100364,kevinbarker,Nicholas Schultz MD,M,"Unit 9582 Box 9973
DPO AE 99132",brownpaul@gmail.com,1916-07-20
100365,fernando96,Matthew Guzman,M,"9734 Anthony Common
New Jacquelinehaven, IL 02089",washingtonkevin@yahoo.com,1922-01-21
100366,grahamjennifer,Brian Ho,M,"695 Elizabeth Glen
Moonchester, NM 49160",nmcgee@hotmail.com,1909-11-14
100367,alexandriamarks,Andrew Floyd,M,"260 Delacruz Road
Lake Brandon, CA 41507",ggreer@gmail.com,1979-12-11
100368,emilyholmes,Dale Cook,M,"7981 Nicole Ports Apt. 875
Port Brandyfort, AZ 27232",lynnjessica@yahoo.com,1954-12-31
100369,hblack,Ruth Hansen,F,"5069 Johnny Vista Apt. 908
Port Kristabury, NY 68751",grodriguez@yahoo.com,1987-03-26
100370,bmosley,Levi Kelly,M,"USNS Williams
FPO AP 09209",andrew99@yahoo.com,1928-01-25
100371,brownroberto,John Pena,M,"82278 Edwards Ways
Lake Tinafort, WY 34880",colleenbauer@yahoo.com,1963-06-07
100372,rbrown,Sheena Clark,F,"84421 Katherine Mountain
Port Tyler, KS 18877",glenncarrie@yahoo.com,1915-10-29
100373,charlespayne,Michael Morrison,M,"073 Carol Heights Apt. 116
Port Carrie, FM 88011",deannabridges@hotmail.com,1912-01-04
100374,kelseyjames,Tami Andrade,F,"433 Baker Manors
Bradtown, KS 17719",mary08@gmail.com,1913-07-24
100375,twallace,Bethany Wright,F,"812 Mcbride Shoal
Christopherborough, DE 77628",nathaniel89@yahoo.com,1977-12-08
100376,oliverjeffery,Todd Andrews,M,"619 Reid Forks
New Jessica, ID 09805",emyers@gmail.com,1909-10-16
100377,thomas16,Amber Potter,F,"29383 Brooks Throughway Suite 260
New Robin, OK 64934",melaniescott@hotmail.com,1994-10-12
100378,linda12,Jennifer Payne,F,"3494 Stephen Landing Apt. 801
Johnsonview, NH 20591",ramosashley@hotmail.com,1981-09-29
100379,ovazquez,Denise Fields,F,"76306 Angela Ports
New Hannahborough, UT 67087",larsonchristine@gmail.com,1946-02-12
100380,alisonscott,Christopher Flores,M,"USCGC Swanson
FPO AE 02310",michaelharris@hotmail.com,1924-08-18
100381,bondjoshua,Rodney Alvarez,M,"80182 Holt Roads
Gabrielmouth, AS 42169",kenneth81@gmail.com,1940-05-29
100382,collinsjuan,Deanna Ellison,F,"USS Williams
FPO AE 16121",flee@hotmail.com,1932-08-04
100383,vroberts,William Robinson,M,"89179 Ethan Motorway Apt. 416
Annamouth, DC 29340",owensvanessa@gmail.com,1987-06-17
100384,watsonalexander,Austin Torres,M,"2936 Jones Circles
West Kristen, DE 17746",jeffreyedwards@gmail.com,1945-10-27
100385,nmartin,Natalie Shields,F,"5698 Jennifer Landing Suite 009
Nicoleborough, WY 24806",loriburke@gmail.com,1932-11-23
100386,jeffrey30,Amy Flynn,F,"0969 Peters Mountain Apt. 510
West Sandra, VA 16037",anthony57@yahoo.com,2010-08-27
100387,jennifer49,Christina Price,F,"09276 Cummings Plains
West Christopherborough, GU 06027",esloan@yahoo.com,1954-12-25
100388,alejandra46,Nicholas Frank,M,"801 Beltran Land
North Kathryn, AR 46388",tonynewton@yahoo.com,2018-07-01
100389,bradleybrown,Carla Horn MD,F,"991 Kristine Key Suite 808
South Thomas, OK 87646",amitchell@gmail.com,2017-04-18
100390,jimmyvalenzuela,Robin Knapp,F,"365 Gomez Ports Apt. 993
Meganview, SD 48383",laura33@gmail.com,1951-05-15
100391,jwilson,Megan Crosby,F,"USNS Harris
FPO AP 48461",clarkandrew@gmail.com,1950-05-10
100392,amanda41,Ronald Rowe,M,"USNV Herman
FPO AP 18247",johnsondylan@yahoo.com,1974-01-29
100393,jacksonalejandra,Stacy Perry,F,"3224 Chambers Roads
West Alexandriaburgh, CO 04069",kclark@gmail.com,1987-06-24
100394,samuelcurtis,Zachary Hatfield,M,"5529 Harris Trace Apt. 887
Port Michaelbury, SD 66616",ashley59@hotmail.com,1975-03-11
100395,jessicaferguson,Peter Quinn,M,"0579 Hanson Underpass Suite 080
East Jennifertown, ND 50145",vgamble@yahoo.com,1936-06-10
100396,baileyjacob,Kayla Adams,F,"51770 Baker Way
Mcdonaldbury, NC 40047",tranheather@yahoo.com,1943-05-12
100397,christopher71,Paige Gonzalez,F,"894 Mckinney Landing Apt. 359
Trevinoville, MT 32632",flopez@gmail.com,2021-10-25
100398,gordonelizabeth,Christopher Young,M,"0571 Jacob Rapid Suite 696
Jonathonfort, MP 07111",ashleymoore@hotmail.com,2007-06-22
100399,scottshawn,Jessica Miller,F,"8609 Sanchez Lakes Suite 174
Stevenshire, TN 24844",jessicamoore@yahoo.com,1918-11-09
100400,christina85,Jesse Walters,M,"5920 Abigail Gateway
Lake Gregfort, UT 06809",brian71@hotmail.com,1940-08-16
100401,adamlee,Richard Jennings Jr.,M,"511 Scott Village Suite 364
Amyland, CT 10538",brenda71@yahoo.com,1911-04-29
100402,schmidtjason,Rachel Davis,F,"1301 Pierce Haven Suite 172
Greenport, NY 62832",qtaylor@gmail.com,1993-09-24
100403,tperry,Dr. William Gonzalez,M,"591 Anna Station
Hartfort, PR 03483",linda54@hotmail.com,1982-02-09
100404,bguerra,Brian Franklin,M,"4758 Kim Causeway
Murphyville, AL 56137",ywilkerson@hotmail.com,1950-03-17
100405,daniel10,Brenda Zimmerman,F,"Unit 5112 Box 6232
DPO AP 60489",chernandez@hotmail.com,1995-11-29
100406,imiller,Brian Robinson,M,"921 Atkins Squares Suite 545
Derekhaven, ME 43378",pwest@gmail.com,1968-04-18
100407,charleswest,Tyler Douglas,M,"PSC 6803, Box 8903
APO AE 09928",ssummers@yahoo.com,1989-06-18
100408,richardferguson,Kathy Wood,F,"821 Scott Stravenue Suite 568
East Benjaminchester, GU 21911",phamgabriel@hotmail.com,1988-06-15
100409,barbaratownsend,Joseph Rose,M,"149 Kelly Lodge Apt. 558
Richardfort, HI 02727",david47@hotmail.com,1990-09-11
100410,jody67,Michael Evans,M,"PSC 7221, Box 6214
APO AP 35936",jonathan61@yahoo.com,1940-09-23
100411,uhardin,Allison Brown,F,"21917 Sarah Stravenue Apt. 821
Riosborough, IL 34279",kturner@gmail.com,1971-11-16
100412,ehowe,Crystal Johnson,F,"670 Jones Plaza
New Josephbury, OK 35806",gowens@gmail.com,1944-07-15
100413,nicholas13,Keith Cox DDS,M,"08617 Michelle Ports Apt. 094
New Lauren, ND 95104",kathleenjackson@yahoo.com,1976-11-23
100414,anne46,Anthony Banks,M,"1391 Larson Springs Apt. 467
Derrickton, OR 62930",castrochristopher@gmail.com,1981-06-11
100415,cjackson,David Miller,M,"PSC 7357, Box 8399
APO AP 94085",walkersavannah@yahoo.com,1987-02-10
100416,stephen57,Zachary Harmon,M,"88902 Lewis Oval Suite 639
Kimberlyport, HI 75176",omartin@yahoo.com,1973-05-12
100417,tfreeman,Michael Cain,M,"37408 Ashlee Club Suite 480
Morganbury, NE 24104",adaniels@gmail.com,1953-01-23
100418,samuelvillanueva,Carolyn Hicks,F,"90362 Timothy Ferry
Johnsonport, OK 16757",gary64@yahoo.com,1908-08-03
100419,russell02,Antonio Burns,M,"233 Wall Throughway Suite 686
Albertfurt, UT 46654",ukane@yahoo.com,1939-02-25
100420,wilsonvalerie,Rodney Smith,M,"63529 Yu Estates
South George, NM 04548",woodsjulie@gmail.com,1970-06-09
100421,woodardmelinda,Douglas Mccoy,M,"029 Fry Well Apt. 368
New Joshua, OR 52645",christopherporter@gmail.com,1985-11-19
100422,hannah14,Michael Ramirez,M,"812 Carla Vista Apt. 279
Marshallfort, TX 75291",spatterson@gmail.com,1994-11-01
100423,knoxricky,Jill Davis,F,"196 Julia Lane
New Kristopherbury, OR 29154",denise19@gmail.com,1926-08-31
100424,laura56,Billy Martin,M,"USCGC Butler
FPO AA 46764",annwilkins@gmail.com,1943-05-24
100425,michaelvang,Jonathan Jackson Jr.,M,"6770 Michael Forks
Michaelmouth, IA 35798",melissaparks@gmail.com,1993-04-19
100426,guerrerobenjamin,Eric Pennington,M,"94796 Michael Roads
New Cheryl, OH 75705",pferguson@gmail.com,2003-04-22
100427,arthur42,David Johnson,M,"4257 Wood Islands Apt. 794
Gabriellaview, WI 98559",cindysolomon@hotmail.com,1964-12-20
100428,ghernandez,Christine Roberts,F,"2448 Debra Isle
South Melissa, WI 09112",ashleyowen@gmail.com,2013-09-14
100429,hthomas,Amanda Johnson,F,"620 Michelle Summit Apt. 962
Knighthaven, WI 40413",alexandra48@hotmail.com,1973-10-12
100430,garrisonkaren,Kayla Patterson,F,"811 Lam Haven Apt. 006
South Angela, AL 19318",tony30@gmail.com,1991-05-07
100431,natasha99,Sarah Young,F,"78587 Melissa Mission Apt. 112
New Shannon, MT 33467",hnguyen@gmail.com,2010-04-27
100432,kayla77,Christopher Kane,M,"491 Mccoy Estates
Masonside, ME 18507",khood@gmail.com,1910-01-10
100433,santanasteven,Raymond Frye,M,"Unit 7419 Box 8648
DPO AE 08063",caleb97@gmail.com,1921-01-27
100434,kirkpatrick,Brandon Dixon,M,"19609 Patrick Pine
Johnland, NJ 60357",usosa@gmail.com,2021-06-15
100435,maureen60,Hannah Proctor,F,"219 Gomez Lakes
Pooleton, PR 27859",dennisjasmine@yahoo.com,1913-12-02
100436,nicholas54,Christina Smith,F,"7152 James Highway Suite 867
East Dwayneburgh, KY 26033",denise20@hotmail.com,1974-02-20
100437,michaelhendrix,Kathryn Mullins,F,"0990 Jeffery Squares Suite 303
North Stephanie, TN 88410",kimberlynunez@hotmail.com,1986-12-30
100438,shawngarza,Kathleen Cole,F,"99122 Melissa Pine Apt. 620
South Andrewshire, IN 49828",james42@yahoo.com,1970-08-14
100439,stacey30,Tracy Campbell,F,"PSC 8299, Box 4021
APO AA 80730",johnsonmaria@gmail.com,1909-07-13
100440,rebecca91,Richard Collins,M,"461 Brad Causeway Apt. 836
New Laura, NH 77317",veronica06@yahoo.com,1988-02-25
100441,jeffrey11,Paula Hill,F,"520 Mckenzie Hills
Lake Sophia, DE 88252",briana87@gmail.com,1952-02-12
100442,carneyjessica,Zachary Baker,M,"310 Bradley Spurs
Port Nathanielside, AK 51575",hgonzalez@hotmail.com,1913-01-15
100443,vvillanueva,Ashley Martin,F,"2817 Sophia Row
West Jameschester, NE 71826",fallen@hotmail.com,1959-08-20
100444,alexanderbrown,Brian Stokes,M,"87858 Miller Mountain
Justinborough, NC 63274",cynthia18@hotmail.com,1940-10-03
100445,campbelllauren,Shelby Ortiz,F,"39088 Russell Park Apt. 978
Sweeneyfurt, MI 97818",rickykeith@gmail.com,1993-02-24
100446,josephrichardson,Vanessa Harmon,F,"05906 James Lock
Port Brandyfurt, NH 30937",howard27@gmail.com,1974-12-05
100447,floresgeorge,Kayla Carlson,F,"6101 Brittany Radial Apt. 416
Morganside, OR 95430",delgadojonathan@hotmail.com,1993-10-12
100448,gibbsronald,Robert Christian,M,"43339 Rachel Ranch Suite 761
Evansstad, TX 37859",ryanhall@yahoo.com,1997-03-25
100449,kimberly16,Nicole Hanson,F,"5734 Thomas Prairie
North Madisonview, RI 45268",baileyamber@yahoo.com,1997-08-03
100450,nicolewalters,Matthew Navarro,M,"448 Moyer Rapid Suite 405
Lindseyton, WI 97786",howen@yahoo.com,1970-01-23
100451,tgomez,Edward Savage,M,"2113 Benjamin Hill
New Chadchester, CT 14799",chad21@yahoo.com,2012-10-04
100452,michael92,Sonya Watson,F,"280 Allen Extension Suite 059
East Chadshire, CA 08139",jocelynenglish@gmail.com,1909-02-15
100453,zgraham,Nathan Browning,M,"437 Hannah Crest Suite 944
Cooperfurt, SD 28089",qlittle@hotmail.com,1938-04-24
100454,carlos79,Amy Frazier,F,"6708 Sutton Rapids Suite 259
Harrisstad, OR 31892",gsutton@yahoo.com,1976-08-10
100455,kristen48,Samuel Carter,M,"7787 Nielsen Tunnel Suite 070
East Latasha, SD 29668",davismorgan@hotmail.com,1942-01-26
100456,jshaw,David Duncan,M,"3843 Hansen Overpass Apt. 673
Johnsonborough, HI 06685",josephking@hotmail.com,1949-12-07
100457,wrightchristina,Aimee Swanson,F,"02072 Cowan Squares
Andersonbury, MD 37101",websterbryan@yahoo.com,1978-04-11
100458,brenda46,Leslie Thomas,M,"575 Gomez Squares
Charlesburgh, GA 49256",pattersonvictoria@gmail.com,1948-08-12
100459,roselucas,Anthony Jones,M,"2557 Jackson Parks
Simonburgh, RI 55977",bentondean@gmail.com,2003-01-05
100460,ycampbell,Douglas Mahoney,M,"83194 Boyd Port Suite 402
South Nina, ME 11530",pierceashley@gmail.com,1913-09-11
100461,wcoleman,Megan Jenkins,F,"978 Matthew Lakes Suite 982
Port Davidborough, MN 69321",michellewilson@yahoo.com,1920-06-03
100462,maryellis,Brian Anderson,M,"5185 Elliott Club Apt. 634
Paulshire, AS 08182",ejarvis@yahoo.com,1978-10-14
100463,ngolden,Gregory Wright,M,"218 Mccarty Ridge
Port Brittany, CT 02793",xroy@hotmail.com,2014-12-07
100464,williamsalexander,Dana Hensley,F,"2783 Torres Coves Apt. 850
South Aimee, NM 61971",amandahuff@hotmail.com,2022-08-15
100465,fphillips,Sheila Bailey,F,"848 Guerrero Loop
Michaelland, TN 01824",darlene07@gmail.com,1923-05-21
100466,wilsonkenneth,Michael Johnson,M,"003 Wendy Summit Suite 304
New Priscillaville, TX 01317",allenkristin@yahoo.com,1972-02-09
100467,nwhitehead,Andrew Williams,M,"575 Adkins Inlet
Hartville, MT 81550",flemingjamie@gmail.com,1993-08-14
100468,qdiaz,Amy Burke,F,"633 Merritt Plaza Apt. 364
West Paulaside, CO 20595",rebeccarobinson@gmail.com,1936-07-24
100469,bradshawricardo,John Anderson,M,"6422 House Parks
Westbury, DC 55331",kimberlytaylor@yahoo.com,1988-08-11
100470,moorepaula,Yolanda Sharp,F,"217 Troy Shoal
Austinberg, SC 13897",marshchad@yahoo.com,1998-10-28
100471,jacob82,Kayla Smith,F,"9199 Linda Causeway
Maryside, NM 81515",william04@hotmail.com,1961-10-01
100472,sotochristopher,Ryan Jones,M,"9198 Roger Park Apt. 753
North Christineton, MS 87361",fletchershannon@gmail.com,1930-01-17
100473,danielstein,Jonathan Daniel,M,"523 Fisher Summit
Katrinatown, NH 12993",mendezjustin@hotmail.com,1988-01-18
100474,tina96,David Jenkins,M,"325 Bradley Ports
South Scott, NC 88998",brendahampton@hotmail.com,1961-05-14
100475,denise40,Katelyn Stewart,F,"48183 Smith Common
Lake Helen, IL 64117",leejoshua@hotmail.com,1964-02-29
100476,grantsean,Ruben Butler,M,"522 Mendez Forge Apt. 145
West Joseph, AL 44603",zglover@hotmail.com,1947-07-23
100477,jennifer52,Mrs. Sarah Klein DVM,F,"67614 Green Landing
Johnsonchester, MA 38437",anne85@hotmail.com,1941-05-18
100478,mallory97,Ashley Harrell,F,"66377 William Cliffs Suite 899
North Patriciaside, IL 81950",swalker@hotmail.com,2022-02-09
100479,jacksonwilliam,Ronald Robinson,M,"071 Michele Estates Apt. 593
Jenniferside, NM 22883",anitaperkins@gmail.com,1985-07-22
100480,kperry,Kelsey Clark,F,"218 Myers Mill Suite 371
Youngtown, TX 88175",vargasraymond@hotmail.com,1969-06-19
100481,richardbenjamin,Pamela Dean,F,"USNS Fleming
FPO AA 53642",kiararangel@yahoo.com,1942-03-24
100482,tscott,Andrea Baker,F,"22847 Simmons Roads
New James, VI 31801",youngjacqueline@gmail.com,1926-01-16
100483,maryleach,Debra Davis,F,"1014 Jones Tunnel Suite 822
Shannonburgh, NV 76955",cheryllee@hotmail.com,2018-06-25
100484,cjackson,Mrs. Christine Griffin,F,"81915 Mason Trafficway Apt. 968
South Taylor, AZ 47571",gregory05@gmail.com,1972-02-19
100485,patrick52,James Espinoza,M,"4259 Philip Valley
East Shannonberg, IL 82085",timothyperez@hotmail.com,1949-03-01
100486,christinehudson,Dale Reyes,M,"550 Aaron Mill Apt. 789
Michaelshire, LA 01775",rileyowen@yahoo.com,2000-01-18
100487,mezacraig,Patricia Brown,F,"5548 Debra Ferry Apt. 830
Brownshire, TX 81350",heidi68@yahoo.com,1965-08-08
100488,brookewilson,Diana Hill,F,"1297 Anderson Keys Suite 011
Port Michaelmouth, MN 04862",michelletaylor@gmail.com,1909-11-06
100489,kendra63,Timothy Smith,M,"4187 Lorraine Motorway
Victoriachester, MN 40922",rmcguire@hotmail.com,1976-08-31
100490,terryjefferson,Edward Logan,M,"4539 Shannon Summit Suite 956
Reynoldsstad, MI 63364",richardedwards@gmail.com,1924-01-10
100491,matthew79,Charles Miller,M,"641 Dylan Pike
Tammybury, ID 93304",danielle91@gmail.com,1960-03-07
100492,mbass,Michael Ramos,M,"06675 Shelly Streets Suite 204
Moranport, DC 86168",davisgeorge@yahoo.com,1960-12-25
100493,qrodriguez,Douglas Lutz,M,"8103 Walker Highway Suite 477
New Michaelmouth, GU 89015",jared14@yahoo.com,1921-04-14
100494,brandon95,Brandon Perez,M,"5570 Melanie Tunnel Suite 722
South Russell, NV 56522",chapmanveronica@hotmail.com,1951-06-19
100495,opowell,Heather Fisher DDS,F,"86907 James Way Apt. 844
Alanborough, NE 10851",pricesteven@yahoo.com,1953-12-10
100496,xwallace,Amanda Mcgee,F,"45064 Bauer Club Suite 142
Courtneyville, ME 43425",stevenkennedy@gmail.com,1985-07-31
100497,paynejulian,Ashley Caldwell,F,"0534 Hernandez Ranch Apt. 920
Davidbury, NV 09154",ramosjoshua@gmail.com,2007-06-28
100498,james66,Matthew Kramer,M,"6429 King Ford
Jeremiahport, ME 23805",jfarley@yahoo.com,1931-05-30
100499,lynnvalentine,Angel Cox,F,"4813 Johnson Forks Suite 764
Armstrongview, NM 34869",jenniferdavidson@yahoo.com,1941-03-02
100500,crystalrichards,James Hawkins,M,"6773 Kaiser Roads Apt. 584
Joshualand, KY 35739",epeterson@hotmail.com,1911-05-29
