ID,Name,Price,Category
100001,Handcrafted Wooden Car,730600,Kids
100002,Rubber Hat,665230,Clothing
100003,Rustic Wooden Bike,786230,Books
100004,Mouse,84500,Music
100005,Metal Cheese,127600,Automotive
100006,Handcrafted Table,650770,Movies
100007,Steel Pants,766600,Books
100008,Handmade Concrete Gloves,907120,Clothing
100009,Hat,143810,Games
100010,Plastic Tuna,186020,Toys
100011,Cotton Salad,51670,Beauty
100012,Soft Pizza,9930,Clothing
100013,Chicken,115510,Outdoors
100014,Chips,800730,Clothing
100015,Towels,575040,Automotive
100016,Soft Gloves,837620,Health
100017,Concrete Gloves,105270,Toys
100018,Handmade Steel Fish,793350,Electronics
100019,Wooden Shoes,350370,Music
100020,Unbranded Cotton Sausages,815110,Books
100021,Metal Cheese,873440,Grocery
100022,Pizza,995350,Grocery
100023,Chips,295100,Automotive
100024,Cheese,421460,Movies
100025,Concrete Hat,204700,Electronics
100026,New Steel Soap,264550,Health
100027,Mouse,299720,Garden
100028,Generic Cotton Soap,208660,Beauty
100029,Incredible Shirt,988460,Garden
100030,Refined Soft Keyboard,896940,Sports
100031,New Plastic Bacon,987200,Garden
100032,Tasty Cotton Shirt,278650,Games
100033,Incredible Soft Computer,915430,Beauty
100034,Gently Used Shirt,230070,Jewelery
100035,Plastic Bike,321340,Computers
100036,Generic Pizza,573490,Kids
100037,Soap,353090,Tools
100038,Fresh Hat,354900,Shoes
100039,Sleek Keyboard,467350,Automotive
100040,Concrete Hat,24580,Jewelery
100041,Bacon,377340,Beauty
100042,Rubber Towels,278310,Grocery
100043,Frozen Shoes,575710,Home
100044,Generic Ball,342690,Tools
100045,Gloves,842850,Outdoors
100046,Fresh Chips,416490,Games
100047,Handmade Bacon,422830,Home
100048,Incredible Frozen Pizza,694850,Beauty
100049,New Concrete Sausages,859900,Sports
100050,Refined Steel Car,129340,Games
100051,Shirt,6090,Games
100052,Chicken,530760,Jewelery
100053,Tasty Bike,207110,Health
100054,Rustic Granite Keyboard,172490,Health
100055,For repair Pizza,943730,Shoes
100056,Generic Cheese,310430,Shoes
100057,Cotton Bike,492510,Industrial
100058,Mouse,746290,Home
100059,Tuna,761650,Sports
100060,Salad,857880,Shoes
100061,Concrete Hat,355160,Health
100062,Tasty Table,890350,Clothing
100063,Soft Cheese,74920,Health
100064,Practical Steel Mouse,890550,Music
100065,Granite Chicken,713000,Games
100066,Practical Towels,905520,Computers
100067,Gorgeous Fresh Soap,488240,Computers
100068,For repair Tuna,725910,Books
100069,Granite Ball,711740,Jewelery
100070,Awesome Hat,584990,Garden
100071,For repair Plastic Pants,674830,Music
100072,Granite Tuna,506280,Music
100073,Keyboard,526850,Electronics
100074,Granite Fish,82420,Shoes
100075,Sleek Car,833230,Books
100076,Used Soft Soap,773690,Games
100077,Steel Pants,426130,Jewelery
100078,New Metal Shirt,409190,Toys
100079,Soft Cheese,287370,Music
100080,Soap,257790,Tools
100081,Ball,980230,Baby
100082,Tasty Frozen Chicken,678460,Health
100083,Used Frozen Gloves,583720,Automotive
100084,Concrete Ball,354690,Shoes
100085,Concrete Hat,139300,Automotive
100086,Ball,211450,Beauty
100087,Concrete Mouse,147640,Movies
100088,Bacon,252880,Clothing
100089,Used Cotton Pants,130520,Games
100090,Incredible Cheese,690140,Garden
100091,Unbranded Keyboard,845260,Health
100092,Wooden Sausages,54870,Movies
100093,Incredible Concrete Bike,680950,Industrial
100094,Sleek Cotton Towels,774870,Automotive
100095,Small Rubber Chicken,322190,Sports
100096,Keyboard,579350,Home
100097,Fresh Chips,114500,Baby
100098,Gently Used Pizza,785980,Games
100099,Pants,938310,Baby
100100,Ergonomic Granite Car,768550,Automotive
100101,Shoes,158220,Industrial
100102,Unbranded Computer,5730,Industrial
100103,Chicken,118190,Games
100104,Tasty Concrete Fish,927120,Books
100105,Metal Towels,759060,Industrial
100106,Steel Pants,947870,Grocery
100107,Wooden Towels,834400,Music
100108,Used Shirt,810900,Clothing
100109,Rubber Keyboard,480040,Tools
100110,Licensed Ball,247390,Books
100111,Cotton Cheese,347010,Health
100112,Small Sausages,982110,Music
100113,Concrete Cheese,840980,Electronics
100114,Gently Used Hat,556380,Computers
100115,Soft Table,630910,Electronics
100116,Hat,916770,Grocery
100117,Rustic Wooden Gloves,948090,Baby
100118,Licensed Hat,461630,Electronics
100119,Practical Fresh Mouse,238780,Baby
100120,Computer,203780,Outdoors
100121,Chicken,978670,Movies
100122,Handmade Granite Fish,771200,Tools
100123,Unbranded Gloves,391170,Baby
100124,Wooden Fish,224250,Sports
100125,Soap,716210,Tools
100126,New Sausages,456160,Industrial
100127,Chips,917600,Sports
100128,New Cotton Hat,908320,Jewelery
100129,Soap,122250,Automotive
100130,Fresh Computer,676250,Baby
100131,Steel Shirt,512290,Books
100132,Soap,419020,Electronics
100133,Generic Wooden Chips,492710,Shoes
100134,Mouse,974530,Books
100135,Wooden Chair,3270,Shoes
100136,Plastic Pants,754730,Jewelery
100137,Small Plastic Pizza,45550,Sports
100138,Unbranded Sausages,941590,Grocery
100139,Ball,794930,Games
100140,Unbranded Chair,169650,Clothing
100141,Fantastic Soap,947710,Electronics
100142,Generic Mouse,235380,Garden
100143,Gloves,795250,Outdoors
100144,Intelligent Plastic Sausages,352550,Toys
100145,Fresh Towels,354450,Garden
100146,Sleek Pizza,520800,Music
100147,Unbranded Chair,847340,Baby
100148,Metal Tuna,929840,Kids
100149,Tuna,485280,Shoes
100150,Handcrafted Shoes,441640,Clothing
100151,Gently Used Metal Computer,63640,Outdoors
100152,Awesome Chicken,338920,Home
100153,Ball,796290,Toys
100154,Soap,970150,Music
100155,Intelligent Metal Chair,689850,Kids
100156,New Soft Sausages,824890,Kids
100157,Rubber Chair,489550,Grocery
100158,Handcrafted Concrete Salad,856780,Sports
100159,Rubber Sausages,34060,Jewelery
100160,Used Fresh Chicken,424480,Tools
100161,Licensed Shoes,257760,Sports
100162,Wooden Chips,512260,Toys
100163,Plastic Sausages,287110,Beauty
100164,Licensed Ball,164450,Jewelery
100165,For repair Chicken,719160,Electronics
100166,Sleek Bike,58490,Sports
100167,Small Plastic Pants,797590,Movies
100168,Bike,28810,Shoes
100169,Wooden Salad,858160,Garden
100170,Salad,374530,Baby
100171,Rubber Fish,487090,Computers
100172,Gorgeous Shirt,140450,Computers
100173,Cotton Pants,144000,Jewelery
100174,Rubber Pants,297890,Baby
100175,Gently Used Frozen Bacon,558080,Games
100176,Cheese,741220,Shoes
100177,For repair Soap,880730,Health
100178,Rubber Shirt,713420,Garden
100179,For repair Car,284680,Sports
100180,Soft Salad,67860,Kids
100181,For repair Fresh Shirt,248210,Books
100182,Gorgeous Steel Towels,313510,Kids
100183,Table,651050,Industrial
100184,For repair Cotton Hat,62420,Shoes
100185,Fresh Soap,428880,Baby
100186,Fish,490030,Tools
100187,Pizza,745100,Kids
100188,Practical Granite Cheese,745440,Jewelery
100189,Chips,479900,Music
100190,Plastic Hat,372810,Health
100191,Licensed Bacon,210090,Garden
100192,Incredible Car,465020,Kids
100193,Used Bacon,564500,Shoes
100194,Bike,690370,Automotive
100195,Rubber Chips,252340,Tools
100196,Incredible Sausages,148870,Garden
100197,Small Metal Chicken,576350,Baby
100198,Incredible Plastic Chair,71990,Jewelery
100199,Used Cotton Keyboard,45960,Industrial
100200,Gently Used Soft Towels,319090,Computers
100201,Gloves,941330,Movies
100202,Small Plastic Cheese,660480,Games
100203,Gorgeous Shoes,928710,Industrial
100204,Salad,328990,Grocery
100205,Refined Towels,281030,Garden
100206,Metal Pizza,418350,Automotive
100207,Wooden Chips,240170,Automotive
100208,Chips,820240,Computers
100209,Plastic Shoes,510330,Home
100210,Tasty Plastic Shirt,819440,Clothing
100211,Ball,736350,Grocery
100212,Incredible Wooden Ball,315450,Beauty
100213,Generic Tuna,218970,Sports
100214,Ball,78130,Music
100215,Handmade Car,376780,Jewelery
100216,Gloves,98770,Grocery
100217,Practical Wooden Car,740030,Beauty
100218,Soft Chicken,986460,Sports
100219,Tuna,826370,Tools
100220,Cotton Salad,845170,Outdoors
100221,Chair,802870,Clothing
100222,Plastic Ball,740030,Clothing
100223,Rustic Sausages,310980,Music
100224,Licensed Concrete Towels,642030,Beauty
100225,Licensed Table,460230,Industrial
100226,Tasty Cheese,795460,Automotive
100227,Concrete Soap,726950,Home
100228,Unbranded Wooden Gloves,567560,Toys
100229,Incredible Tuna,492680,Sports
100230,Rustic Metal Car,4620,Shoes
100231,Awesome Fresh Gloves,344810,Music
100232,Plastic Hat,845360,Baby
100233,Table,222180,Jewelery
100234,Table,79110,Toys
100235,Handcrafted Plastic Keyboard,913990,Sports
100236,Intelligent Sausages,52230,Toys
100237,Ball,484790,Sports
100238,For repair Steel Fish,552550,Electronics
100239,Table,792870,Industrial
100240,Handmade Plastic Computer,321780,Garden
100241,Keyboard,853000,Industrial
100242,Generic Chair,879030,Toys
100243,Towels,886300,Books
100244,Ergonomic Soft Bike,771950,Baby
100245,Rustic Soap,303240,Music
100246,Concrete Pants,854750,Electronics
100247,Wooden Gloves,366950,Health
100248,Tuna,687030,Home
100249,Sleek Rubber Salad,574770,Jewelery
100250,Plastic Shoes,248090,Health
100251,Fantastic Bike,174160,Sports
100252,Used Steel Shirt,50380,Baby
100253,Handcrafted Towels,652590,Industrial
100254,Table,988010,Electronics
100255,Computer,139580,Industrial
100256,Fantastic Shoes,769030,Electronics
100257,Gorgeous Metal Hat,254000,Beauty
100258,Ergonomic Soft Fish,309890,Clothing
100259,Bike,655540,Garden
100260,Hat,580400,Outdoors
100261,Gloves,427600,Baby
100262,Soft Sausages,226990,Music
100263,Used Chicken,437080,Industrial
100264,Table,295820,Grocery
100265,Unbranded Keyboard,102940,Tools
100266,Bacon,27890,Baby
100267,Steel Ball,358600,Tools
100268,Shoes,767700,Kids
100269,Steel Gloves,28650,Books
100270,Steel Cheese,134690,Automotive
100271,Gorgeous Steel Computer,411700,Clothing
100272,Shoes,917090,Industrial
100273,Incredible Granite Sausages,872210,Games
100274,Bike,843770,Outdoors
100275,Small Ball,962350,Electronics
100276,Frozen Chicken,409140,Industrial
100277,Tasty Steel Keyboard,440520,Beauty
100278,Ball,582130,Clothing
100279,Used Concrete Cheese,270030,Grocery
100280,Pants,221130,Home
100281,Rustic Mouse,39790,Movies
100282,Gloves,985290,Electronics
100283,Cotton Sausages,316030,Outdoors
100284,Rustic Concrete Fish,332880,Movies
100285,Sleek Table,13830,Toys
100286,Chips,798780,Shoes
100287,Tasty Gloves,566320,Toys
100288,Small Cotton Cheese,435910,Electronics
100289,Rubber Hat,634190,Computers
100290,Incredible Wooden Chair,552890,Music
100291,Rubber Keyboard,989440,Kids
100292,Granite Bike,26030,Kids
100293,Handcrafted Car,121240,Garden
100294,Intelligent Concrete Hat,355610,Grocery
100295,Generic Pizza,930280,Sports
100296,Intelligent Concrete Computer,853250,Clothing
100297,Handmade Salad,538770,Tools
100298,Gloves,327380,Baby
100299,Mouse,602320,Shoes
100300,Concrete Shirt,286590,Shoes
100301,Fresh Bacon,251390,Kids
100302,Plastic Bacon,325440,Tools
100303,Licensed Computer,70900,Clothing
100304,Chicken,801060,Kids
100305,Wooden Computer,407380,Music
100306,Pizza,510180,Beauty
100307,Computer,250250,Kids
100308,Table,691850,Toys
100309,Gorgeous Frozen Shirt,489200,Garden
100310,Ergonomic Rubber Pizza,307650,Home
100311,Sausages,568710,Industrial
100312,Hat,404800,Shoes
100313,Refined Hat,419150,Shoes
100314,Concrete Sausages,503450,Music
100315,For repair Fresh Keyboard,437640,Health
100316,Chips,960900,Baby
100317,Tasty Ball,670300,Home
100318,Chips,909960,Grocery
100319,New Soft Car,572930,Books
100320,Soft Pants,128790,Sports
100321,Gorgeous Plastic Bacon,712660,Automotive
100322,Hat,956860,Baby
100323,Mouse,969250,Toys
100324,Used Granite Chicken,718480,Electronics
100325,Computer,467570,Books
100326,Cheese,323070,Clothing
100327,Pizza,533790,Outdoors
100328,Fresh Sausages,848270,Grocery
100329,Gloves,131040,Baby
100330,Chair,909530,Kids
100331,New Tuna,644920,Automotive
100332,Gently Used Concrete Chair,798940,Computers
100333,Pizza,948560,Computers
100334,Unbranded Plastic Soap,339640,Health
100335,Chair,137550,Industrial
100336,Soft Shoes,724840,Automotive
100337,Metal Fish,568240,Computers
100338,For repair Computer,78690,Home
100339,Gently Used Fresh Chips,531140,Music
100340,Car,560330,Beauty
100341,Ergonomic Tuna,166130,Shoes
100342,Small Chair,396610,Electronics
100343,Steel Fish,65830,Baby
100344,Rubber Bacon,674790,Outdoors
100345,Wooden Pizza,219040,Clothing
100346,Intelligent Granite Chips,459860,Toys
100347,Fish,302730,Games
100348,Bike,173880,Home
100349,Gorgeous Metal Mouse,770630,Electronics
100350,Practical Plastic Car,261010,Health
100351,Handcrafted Granite Shoes,280260,Beauty
100352,Tasty Steel Shoes,498010,Sports
100353,Unbranded Granite Bike,140840,Garden
100354,Bike,521920,Automotive
100355,Fresh Pants,800070,Computers
100356,Gently Used Plastic Mouse,927990,Beauty
100357,Tasty Cotton Keyboard,274760,Tools
100358,Licensed Keyboard,795480,Baby
100359,Refined Fish,185100,Garden
100360,Sleek Salad,464170,Movies
100361,Soap,331900,Movies
100362,Fish,56620,Grocery
100363,Sleek Rubber Tuna,760900,Books
100364,Handcrafted Hat,540140,Beauty
100365,Generic Tuna,480470,Jewelery
100366,Sleek Tuna,243150,Electronics
100367,Intelligent Fresh Car,177580,Beauty
100368,Keyboard,568840,Computers
100369,Cheese,105930,Toys
100370,Incredible Granite Gloves,885430,Clothing
100371,Cotton Hat,463620,Electronics
100372,Frozen Chips,179700,Music
100373,Frozen Towels,763620,Shoes
100374,Rustic Pants,562410,Automotive
100375,Incredible Concrete Hat,683540,Garden
100376,Tasty Car,187520,Toys
100377,Handcrafted Steel Salad,641100,Computers
100378,Handcrafted Sausages,858720,Health
100379,Pizza,701930,Automotive
100380,Fresh Soap,738870,Jewelery
100381,Wooden Bike,145650,Kids
100382,Soft Shoes,804570,Electronics
100383,Practical Shoes,122700,Garden
100384,Frozen Chips,894190,Outdoors
100385,Soap,193070,Movies
100386,Gently Used Computer,526780,Outdoors
100387,Pants,290040,Games
100388,Cotton Car,9670,Shoes
100389,Ball,821110,Industrial
100390,Generic Fresh Chicken,683940,Movies
100391,Handcrafted Tuna,143590,Books
100392,Bike,893060,Jewelery
100393,Bike,722470,Grocery
100394,Small Pizza,418120,Games
100395,Tuna,587180,Health
100396,Chicken,630430,Grocery
100397,Wooden Shoes,796400,Toys
100398,Refined Salad,865230,Music
100399,Steel Towels,219320,Sports
100400,Handmade Rubber Chips,982670,Home
100401,Rubber Computer,712820,Baby
100402,Fish,46280,Industrial
100403,Generic Gloves,200930,Jewelery
100404,Concrete Salad,177280,Toys
100405,Granite Bike,623220,Clothing
100406,Tasty Wooden Chips,843640,Baby
100407,Handmade Soft Bacon,23020,Electronics
100408,Practical Concrete Bike,409880,Automotive
100409,Ball,32260,Games
100410,Ergonomic Soap,603050,Industrial
100411,Gently Used Frozen Keyboard,569400,Outdoors
100412,Used Hat,750320,Home
100413,Fresh Computer,502930,Shoes
100414,Handcrafted Rubber Salad,637800,Computers
100415,Mouse,754230,Sports
100416,Chips,894500,Beauty
100417,Towels,157980,Beauty
100418,Used Bike,50240,Toys
100419,Soap,812850,Beauty
100420,Granite Keyboard,348930,Grocery
100421,Tuna,503250,Grocery
100422,Salad,356660,Sports
100423,Fantastic Wooden Fish,286900,Games
100424,Fresh Soap,701990,Automotive
100425,For repair Shoes,355720,Outdoors
100426,Table,718360,Garden
100427,Pizza,594740,Grocery
100428,Handmade Pizza,230410,Health
100429,Gorgeous Bike,593270,Home
100430,For repair Metal Pants,460840,Tools
100431,Keyboard,727690,Games
100432,Rustic Bike,745020,Clothing
100433,Fish,460340,Baby
100434,Handcrafted Steel Pants,640830,Tools
100435,For repair Fish,469370,Beauty
100436,Ergonomic Salad,4200,Games
100437,Fresh Chicken,497400,Grocery
100438,Rubber Bike,484820,Automotive
100439,Wooden Chips,494500,Grocery
100440,Gorgeous Tuna,280900,Movies
100441,Soap,427300,Books
100442,Awesome Cotton Shirt,54660,Shoes
100443,Small Computer,555760,Music
100444,Cotton Chicken,198080,Garden
100445,Rubber Bike,814590,Home
100446,Shoes,583120,Toys
100447,Chair,504800,Health
100448,Used Steel Bacon,648140,Clothing
100449,Wooden Pants,892030,Industrial
100450,Soap,103610,Tools
100451,Frozen Towels,490760,Movies
100452,Mouse,957870,Outdoors
100453,Ergonomic Metal Hat,747890,Garden
100454,Car,534560,Health
100455,Incredible Metal Shoes,71530,Computers
100456,Cotton Fish,952070,Beauty
100457,Ball,76220,Tools
100458,Metal Shirt,196680,Beauty
100459,Handcrafted Chicken,89200,Shoes
100460,Fantastic Soap,237780,Garden
100461,Granite Chicken,826710,Toys
100462,Small Gloves,673020,Toys
100463,Sleek Gloves,74270,Home
100464,Shirt,740650,Grocery
100465,Car,402570,Home
100466,Shoes,639860,Garden
100467,Tuna,704160,Garden
100468,Awesome Towels,657090,Sports
100469,Ergonomic Metal Salad,822080,Automotive
100470,Plastic Soap,241050,Clothing
100471,Used Chips,479580,Clothing
100472,Fish,354020,Grocery
100473,Gently Used Table,587300,Industrial
100474,Plastic Towels,784080,Shoes
100475,Practical Granite Bike,212430,Clothing
100476,Practical Soft Shirt,142640,Grocery
100477,Mouse,128150,Toys
100478,Used Keyboard,738540,Kids
100479,Frozen Chicken,537080,Music
100480,For repair Chicken,759940,Kids
100481,Concrete Gloves,291270,Automotive
100482,Cheese,136100,Computers
100483,Gorgeous Wooden Shirt,334180,Toys
100484,Awesome Frozen Bike,244930,Books
100485,Cotton Shoes,195440,Computers
100486,Rustic Pizza,447790,Health
100487,Rustic Chicken,793860,Shoes
100488,Refined Pants,758930,Movies
100489,Steel Towels,751280,Electronics
100490,Tasty Cotton Bacon,222380,Outdoors
100491,Cotton Table,303080,Grocery
100492,Mouse,21940,Movies
100493,Intelligent Towels,324660,Computers
100494,Small Soap,174540,Home
100495,Gently Used Concrete Soap,330680,Beauty
100496,Tasty Salad,619790,Automotive
100497,Hat,781380,Shoes
100498,Soft Gloves,916050,Movies
100499,Concrete Ball,154820,Clothing
100500,Gloves,49230,Baby
