ID,username,name,sex,address,mail,birthdate
100001,joeali,Mary Caldwell,F,"2126 Newman Underpass Suite 041
Katherinemouth, DE 54304",mcleanbrittany@yahoo.com,2018-03-08
100002,dawsonrebecca,Briana Ramirez,F,"89975 Joseph Forest Suite 197
Joanfort, PW 47085",khaynes@yahoo.com,1914-10-14
100003,kevin61,David Kim,M,"743 Mcintosh Summit Suite 306
Lake Alishaview, DE 37116",jessicahammond@gmail.com,1959-07-31
100004,carmen11,Lacey Thompson,F,"77464 Michael Plains
Adamsberg, WA 24449",rgriffin@gmail.com,1918-12-09
100005,spencerstephanie,Holly Washington,F,"565 Melissa Manors Apt. 621
Briggsmouth, MT 24581",charlesjulie@yahoo.com,1944-03-22
100006,dschneider,Christina Reynolds,F,"010 Jennifer Key
New Robinburgh, GA 22257",shughes@hotmail.com,2003-10-14
100007,laura82,Matthew Ferguson,M,"4537 Santiago Extension
Jessicabury, HI 93358",jesuscabrera@gmail.com,1922-05-02
100008,dparker,Joan Roberts,F,"6838 Cooper Villages Suite 946
Morganstad, MP 67945",tiffany68@gmail.com,1991-09-26
100009,harrisjason,Angela Martinez,F,"42277 Gregory Freeway Apt. 943
Shawberg, MD 58560",rosaleslinda@gmail.com,2021-02-18
100010,wjohnson,Brittany Jackson,F,"20982 Morgan Courts Apt. 682
Snydermouth, MD 89034",smithcaitlin@gmail.com,1928-12-24
100011,eric41,Valerie Taylor,F,"4848 Harris Island Apt. 968
New Jack, LA 05043",david50@gmail.com,1940-09-27
100012,batesrobert,Kimberly Bauer,F,"704 Mccarthy Meadow
Keithstad, NJ 41917",john28@yahoo.com,1951-01-12
100013,fwells,Kevin Dickerson,M,"PSC 9879, Box 4504
APO AA 63155",smithjohn@gmail.com,1932-08-06
100014,steveallen,Wendy Parrish,F,"283 White Islands Apt. 536
Brianmouth, KS 86783",shaweric@gmail.com,2013-05-21
100015,kevinbeck,Michael Miller,M,"54491 Thompson Spurs
Port Jessicaberg, KY 08988",josephnguyen@gmail.com,2005-08-31
100016,brianharrell,Mark Kirby,M,"943 Christopher Turnpike Apt. 849
Gutierrezton, PW 23272",smithsarah@gmail.com,1918-10-24
100017,rebecca13,Sean Sellers,M,"06006 Jim Fords
Vanessamouth, ND 84357",jenniferward@gmail.com,1952-01-11
100018,kimjustin,Sheila Dickson,F,"7376 Brady Garden Apt. 612
Danielville, MI 52211",mwilliams@gmail.com,1986-10-07
100019,alyssasmall,Gregory Gibson,M,"2515 Lewis Rapid Suite 192
South Matthewhaven, KY 37077",marisa71@hotmail.com,2008-02-16
100020,egrimes,Connie Jackson,F,"0932 Jennifer Oval
Carrilloberg, DC 71672",veronica88@yahoo.com,1932-06-24
100021,andres10,Jennifer Mejia,F,"02789 Hernandez Vista
East Latoya, MP 19979",brianna42@gmail.com,1909-11-08
100022,tiffanyyork,Pedro Thomas,M,"415 Brooke Ports
East Jamesbury, MT 81027",kimberlykelley@hotmail.com,1933-08-17
100023,hgross,Andrew Bartlett,M,"3587 Ramirez Mission
Chavezfort, ME 20932",craigabbott@gmail.com,1920-06-08
100024,valerie62,Yvonne Johnson,F,"00160 Miranda Lane
Robbinston, MA 98534",lauren85@yahoo.com,1973-06-30
100025,hhill,Cynthia Reese,F,"2189 Williams Roads Apt. 091
Pruittmouth, AR 63760",iarnold@hotmail.com,1983-03-30
100026,paynejoseph,Allison White,F,"090 Kayla Harbors
Aimeeside, CT 55338",garystanley@yahoo.com,1998-03-09
100027,espinozacory,Allison Mathis,F,"545 Jennifer Radial
Lake Haleyshire, IN 51640",matthew06@hotmail.com,1929-02-03
100028,pprice,Mr. Samuel Gillespie,M,"056 Ramirez Canyon
Peterton, MD 24643",shannon05@yahoo.com,1997-08-29
100029,sharon99,Andrew Wright,M,"5087 Carlson Path
Port Steven, TN 76351",jenkinskelly@hotmail.com,1969-01-29
100030,joy97,Susan Johnson,F,"6861 Carter Station
North Aprilberg, AS 09324",cmanning@yahoo.com,1976-05-19
100031,jasmine56,Zachary Duncan,M,"40129 Horn Orchard Apt. 670
South Andrewfurt, NC 42704",brandy28@gmail.com,1924-10-13
100032,stephaniecortez,Miranda Jordan,F,"28720 Maria Plaza
West Mary, KS 25861",hannahsmith@hotmail.com,1962-09-04
100033,matthewharrington,Jonathan King,M,"9710 Jeremy Walk
Lake Christiantown, RI 30788",wmorgan@yahoo.com,1908-08-31
100034,kaylahogan,Michael Smith,M,"01501 Deborah Shores Suite 943
South Meganmouth, KS 96927",charleslewis@yahoo.com,1908-07-25
100035,imitchell,Gene Larsen,M,"219 Price Lock Apt. 439
New Brittany, WV 67121",davidmarsh@hotmail.com,1999-09-25
100036,todd97,Rachel Erickson,F,"Unit 4422 Box 9936
DPO AP 98377",benjaminbutler@gmail.com,1923-07-11
100037,qellis,Shannon Davidson,F,"88978 Hernandez Forest Suite 138
Emilyville, WV 22280",hensonkara@gmail.com,1970-09-03
100038,sarah93,Ruben Espinoza,M,"42245 Amber Road Apt. 401
Sheltonbury, LA 85433",johnthompson@gmail.com,1982-08-16
100039,xcox,Nicholas Williams,M,"477 Natasha Islands Apt. 011
Lake Harryfurt, OK 21300",traciguzman@yahoo.com,1913-12-15
100040,myersmichael,Nancy Carr,F,"USS May
FPO AE 73467",charlenesteele@yahoo.com,1963-07-18
100041,michael87,Ashlee Adams,F,"459 Rachel Rapids
Port Katherine, NH 61593",fgibson@yahoo.com,1961-12-20
100042,harveylatoya,Travis Chapman,M,"49266 Maddox Motorway Suite 095
Lake Jeffreychester, NH 24793",leefrances@hotmail.com,1940-03-17
100043,kathyconley,Amber Juarez,F,"150 Armstrong Inlet Suite 610
Williamborough, PA 41965",wmcneil@hotmail.com,1941-02-20
100044,tracycosta,Douglas Hood,M,"955 Grant Cape
Sherryside, MT 48652",dnixon@yahoo.com,1910-10-31
100045,ysullivan,Elizabeth Flores,F,"36111 Cline Extension Suite 556
East Andrea, MS 59666",smithnancy@yahoo.com,1993-12-23
100046,stephaniechung,Ryan Lopez,M,"6273 Emily Flats
Leechester, NJ 90781",cherylraymond@gmail.com,2015-02-03
100047,faulknerangela,Daniel Lopez,M,"Unit 9544 Box 4743
DPO AA 99562",romeromaria@yahoo.com,1984-04-18
100048,zsmith,Yolanda Wu,F,"5392 Smith Grove
Port Ashley, KY 27697",hwilliams@yahoo.com,1977-12-29
100049,jonesmelissa,Alexander Harris,M,"77838 Elizabeth Estate
Griffinton, CO 09121",john18@hotmail.com,1930-12-22
100050,brian76,Jasmine Hernandez,F,"032 Regina Forges Apt. 937
Dominiqueton, AL 46752",pyoung@hotmail.com,1962-02-14
100051,flowersangela,Matthew Wallace,M,"404 Matthew Dam
Laurahaven, OK 16036",michellehernandez@hotmail.com,2016-03-14
100052,thomas17,Tina Morris,F,"9304 Todd Union
Mannview, FM 40263",brittany84@hotmail.com,1957-12-30
100053,wbarnett,Heidi Patel,F,"17018 James Path
Christophermouth, OK 73245",dramirez@yahoo.com,1927-10-11
100054,robertclark,Alice Hernandez,F,"64542 Michael Centers Suite 490
Kristenport, GA 25209",nataliejohnson@hotmail.com,1982-08-04
100055,jeremy07,Kyle Small,M,"7883 Whitaker Mills Suite 114
Walkerland, SC 49127",zrowland@hotmail.com,1930-03-15
100056,kevin43,Hector Adams,M,"538 Mooney Fork
New Sarah, NV 03478",michael36@gmail.com,1966-01-16
100057,gwalker,Robert Harvey,M,"66647 Kyle Mountain
Jordanport, NY 48435",howardrobert@yahoo.com,2012-11-14
100058,cervantespatrick,Christine Barnett,F,"3924 Christina Locks Apt. 156
Lake Josephhaven, SD 50877",diazmargaret@yahoo.com,2017-12-15
100059,thomastaylor,Keith Stone,M,"5820 Melissa Points Suite 481
Port Karenland, MH 69297",gerald13@gmail.com,1973-09-04
100060,riverasarah,Mary Burnett,F,"78095 Holloway Island Suite 576
Lake Shelley, NM 48269",catherineleon@hotmail.com,1996-04-03
100061,moorecynthia,Kathryn Moore,F,"4376 Rhonda Points Suite 045
New Derrick, MD 04994",vhernandez@yahoo.com,1992-04-16
100062,torresjoshua,Noah Lopez,M,"89890 Price Causeway
Port Joshua, VA 04879",james69@hotmail.com,1922-05-27
100063,donald54,Gregory White,M,"9290 Kenneth Crescent
Sandersview, NH 69076",lopezerin@hotmail.com,1974-10-14
100064,mherman,Joanna Gutierrez,F,"20092 Hanna Fort Suite 447
Edwardfort, ID 86418",edgarholloway@hotmail.com,1985-04-16
100065,robertmarshall,Rebecca Trevino,F,"09005 Katrina Union
Port Dustin, WI 02144",ebradford@hotmail.com,1951-10-04
100066,ufarrell,Jennifer Johnson,F,"429 Quinn Centers Suite 658
East Brianburgh, NM 78473",sharon94@hotmail.com,1942-01-15
100067,ioneill,Eric Price,M,"276 Williams Burg
South Christopherhaven, PW 57772",jessegrimes@yahoo.com,1916-04-02
100068,johndavis,Stephanie Roberts,F,"USNS Norris
FPO AP 31051",millerjoshua@gmail.com,2000-09-17
100069,robyn76,Judith Wright,F,"9062 Noah Village Apt. 355
Davidmouth, GA 20825",myerswesley@yahoo.com,1994-07-16
100070,simsdaniel,Ryan Bonilla,M,"7300 Jones Park Suite 228
West Jennifermouth, NM 96774",jameswiley@gmail.com,1923-08-16
100071,fjordan,Charles Walker,M,"20464 Russo Park Apt. 593
East Michael, IL 21944",garnerchristina@hotmail.com,1953-12-30
100072,michael65,Aaron Liu DDS,M,"027 Corey Shoals Suite 100
New Alice, OH 53095",zjones@gmail.com,2016-05-09
100073,msmith,Christopher Meyer,M,"Unit 6845 Box 4426
DPO AP 65772",kennedyconnie@gmail.com,1932-03-30
100074,james94,Brett Walker,M,"PSC 8513, Box 2969
APO AE 83849",jcarroll@gmail.com,1934-01-12
100075,kmartin,Joseph Williams,M,"USCGC Leonard
FPO AA 40481",michaelbuckley@hotmail.com,1945-06-15
100076,santiagostephen,Valerie Mccoy,F,"PSC 8467, Box 3919
APO AA 94032",virginia01@yahoo.com,1922-09-01
100077,sgomez,Joan Keller,F,"80871 James Well Apt. 153
Port Deborahhaven, WV 70752",arogers@gmail.com,1918-03-19
100078,christopherrodriguez,Roy Simmons,M,"248 Davis Inlet Suite 784
West Williamport, NC 48228",zshaw@hotmail.com,1931-02-27
100079,jenningstimothy,Michael Gonzalez,M,"151 Jessica Groves Suite 511
Port Timothy, IL 01806",steven59@yahoo.com,1962-07-10
100080,tjackson,Paula Perry,F,"5297 Caroline Divide
Alexanderfort, MI 34954",ybray@gmail.com,1936-08-04
100081,jamiecannon,Paige Bailey,F,"00316 Karen Parkway
Porterfort, MI 33015",ttaylor@gmail.com,1991-04-04
100082,ryanwise,Matthew Ford,M,"066 Teresa Prairie
Johnville, VI 10587",alexismorgan@yahoo.com,1916-07-04
100083,anthony01,Kathleen Schwartz,F,"10572 Clark Rapid Suite 883
Mullenfort, WA 01787",vgonzalez@yahoo.com,2001-03-12
100084,jensenbryan,John Armstrong,M,"4453 Rebecca Parkways
Kylefurt, AR 99585",crawfordmicheal@hotmail.com,2006-04-22
100085,laura75,Kelsey Clark,F,"6395 Bennett Ridge Suite 173
West Samanthaville, MD 42741",johnsmith@yahoo.com,1947-01-11
100086,michaeldouglas,Mary Schneider,F,"033 Bennett Loop Apt. 170
Torresberg, MT 76338",kristinapatterson@yahoo.com,1994-03-30
100087,murphyteresa,Emma Rogers,F,"12834 Adams Junction Apt. 793
East Faithfort, MO 14170",donaldgarcia@yahoo.com,1931-08-18
100088,sextonsarah,Paul Kelley,M,"4926 Lee Passage
North Joan, DE 51071",devin94@yahoo.com,1911-11-25
100089,dustin80,James Castaneda,M,"1401 Tim Valleys
Jessicahaven, UT 87122",favila@hotmail.com,1943-08-23
100090,bradfordkathryn,Alyssa Melendez,F,"51327 Carey Bridge Suite 687
South Nicole, MI 62837",fraziermichelle@hotmail.com,1965-01-14
100091,bradleyjoseph,Dr. Crystal Alexander,F,"83690 Chad Mountain Apt. 926
Sampsonville, VI 40547",hannahthomas@yahoo.com,1943-02-17
100092,craigbrooks,Grant Butler,M,"3651 Herrera Stream
East Paul, NC 47288",juliejones@gmail.com,2009-08-21
100093,madelinefisher,Brandon Peterson,M,"PSC 1560, Box 0109
APO AE 14872",jenniferenglish@hotmail.com,2003-03-03
100094,leonjustin,Sheryl Mccarty,F,"USNV Holmes
FPO AE 42109",kaylabeard@yahoo.com,2001-04-27
100095,justin09,Crystal Mata,F,"8705 Nathan Turnpike
Mariaview, MT 89367",ericbarber@hotmail.com,1931-07-14
100096,njohnson,Shelly Green,F,"114 Aaron Islands Apt. 133
East Holly, VI 17214",joshuabender@yahoo.com,1980-03-11
100097,cohenlaura,Kelsey Hughes,F,"1069 Martinez Loaf Suite 958
New Lisaside, LA 95982",hallmonica@hotmail.com,1950-07-08
100098,hannah82,Gregory King,M,"1621 Foster Camp Suite 073
Flynnberg, NV 04633",xsmith@gmail.com,1971-01-17
100099,qholmes,Gerald Ayala,M,"355 Hayes Mill
Tristanbury, MT 97963",taylor68@hotmail.com,1955-03-12
100100,lawrencedavis,Kimberly Bray,F,"5645 Larry Locks
Amyville, UT 63331",ajohnson@gmail.com,1931-10-06
100101,wevans,Jeanne Townsend,F,"USS Johnson
FPO AE 84162",stonekathy@yahoo.com,1907-10-31
100102,karen57,Mackenzie Green,F,"61347 Reed Burg Apt. 905
Markland, NJ 52211",duffylori@yahoo.com,1960-10-23
100103,sydneybanks,Martin Moore,M,"05289 Scott Springs Apt. 412
Vasquezfort, FL 52624",danielhodges@gmail.com,1958-12-14
100104,steven84,Monica Welch,F,"492 Floyd Cape Apt. 682
South Patrickside, LA 66365",jennifer63@yahoo.com,1910-10-26
100105,hcoleman,Cynthia Fox,F,"Unit 9185 Box 3785
DPO AP 53104",timtaylor@gmail.com,1944-03-06
100106,robertpowell,Alison Allen,F,"96613 Kevin Skyway Suite 001
Melissaport, WI 90530",joseph84@hotmail.com,1934-08-18
100107,michael08,Marvin Gilmore,M,"29917 Christina Crossroad Apt. 745
Harrisview, ME 36973",kristopher06@hotmail.com,2008-11-18
100108,osnyder,Kimberly Wang,F,"431 Tiffany Loaf
North Kimberly, CT 23349",rachelaguirre@yahoo.com,2004-02-24
100109,michael10,Kristen Jordan,F,"268 Walker Pine
West Elijahland, OH 21878",sydneyweiss@hotmail.com,1920-05-05
100110,qmoore,Jesse Gonzalez,M,"75007 Kimberly Garden
Paulland, WV 58374",rojasroy@hotmail.com,1979-03-11
100111,john36,Christian Stephens,M,"247 Tanya Street Apt. 507
Nelsonmouth, KY 82190",obecker@yahoo.com,1975-08-27
100112,qhoward,Robert Hall,M,"8398 Park Center
South Gabriel, NY 60970",johnnymiller@hotmail.com,1952-01-23
100113,millerbarbara,Nicholas Martinez,M,"84440 Tiffany Meadows Suite 934
Richardburgh, MH 71697",grossmegan@gmail.com,1913-04-16
100114,christinegrant,Luis Martin,M,"0548 Megan Shoal Suite 521
South Kimbury, MD 04616",rioskimberly@hotmail.com,1999-09-23
100115,eric27,Jeremy Cohen,M,"206 Brian Trafficway
Mcknighthaven, WI 76018",james29@gmail.com,1970-01-12
100116,gonzalezcaitlin,Cody King,M,"4650 Erin Turnpike Suite 846
Tuckerland, IA 69396",joannosborne@hotmail.com,1990-09-26
100117,vjacobs,Jacqueline York,F,"1581 Jessica Creek
Port Victoriaberg, MH 09252",rlopez@hotmail.com,1923-07-26
100118,anthony39,Vanessa Livingston,F,"5404 Williams Ville
West Noahton, NM 98974",richard52@yahoo.com,1987-04-23
100119,kristiewashington,Jenna Bishop,F,"3483 Heidi Brooks
East Heather, AS 05658",lisa28@yahoo.com,1979-03-18
100120,watsonjessica,Richard Allen,M,"05377 Carmen Haven Suite 112
East Seth, CO 91387",barnesmary@gmail.com,1941-06-30
100121,matthewestrada,Melvin Lee,M,"4705 Joseph Junction
Lindamouth, MD 65846",michael23@yahoo.com,1926-12-05
100122,gwilliams,Robert Chapman,M,"9564 Smith Well
Lake Toddbury, KS 41705",mjames@yahoo.com,1986-05-22
100123,tracy32,Michael Johnston,M,"4443 Michael Plains
Heatherfurt, MO 70948",sarah05@gmail.com,2003-07-11
100124,janetcruz,Amy Wilkerson,F,"18274 David Island
Walkermouth, GU 74624",turneranthony@hotmail.com,1924-12-03
100125,aaron49,Vincent Mccoy,M,"8220 Fitzgerald Parkway Suite 226
East Jonathan, VI 24511",amanda17@gmail.com,1967-07-16
100126,oliviamorales,Shelly Hanson,F,"54700 Christopher Motorway Apt. 871
Sotoland, PR 52250",mjohnson@yahoo.com,1997-01-16
100127,ztaylor,John Simmons,M,"774 Dustin Square Suite 307
South Kevinborough, CT 82877",hawkinsderrick@hotmail.com,1976-06-03
100128,michael35,Jennifer Holt,F,"616 Marcus Freeway Apt. 536
Williamton, MS 23494",emilymccoy@hotmail.com,2001-04-21
100129,amy86,Bradley Smith,M,"5919 Frank Port Apt. 058
Courtneystad, MP 36515",anthony58@yahoo.com,1984-10-13
100130,graylisa,Travis Stark,M,"42918 Alexander Dale
Ellisonmouth, FL 50072",christophercox@yahoo.com,1960-11-28
100131,kristyrodriguez,Gina Hardy,F,"1883 Parrish Rest Suite 261
West Sherry, CA 99835",crystalmorales@gmail.com,1992-06-01
100132,davemyers,Candice Wright,F,"591 Patricia Rapids Apt. 200
North Robertview, IL 94205",scottlisa@gmail.com,1996-05-21
100133,mwhite,Gregory Martin,M,"6447 Boyd Inlet
Martinezport, PR 43995",blakerebecca@yahoo.com,1917-04-03
100134,joanjones,Melissa Flynn,F,"84385 Huff Crossing Apt. 028
West Christopher, IL 22475",ewilliams@hotmail.com,1948-01-13
100135,orogers,Nicholas Johnson,M,"7000 May Squares Suite 504
Sheritown, WA 27448",ericdavis@hotmail.com,2013-12-06
100136,westnathan,Jason Reed,M,"99022 Rivera Tunnel Apt. 822
New Sarah, AS 36358",rcastaneda@hotmail.com,1942-12-28
100137,laurieadams,Robert Scott,M,"63872 Baxter Rest
East Aaronview, MT 41640",drussell@yahoo.com,1983-10-04
100138,oharris,Paige King,F,"711 Andrade Via Apt. 967
Ayalaton, SC 45562",hannah94@hotmail.com,2012-06-16
100139,ashley72,Michael Hendrix,M,"497 Christopher Ways Apt. 357
Kathrynport, KS 38986",pmonroe@gmail.com,1960-03-09
100140,hensonlisa,Caitlin Rowland,F,"1507 Klein Forest
West Kyle, ID 44753",yjones@yahoo.com,1936-04-19
100141,terickson,Matthew Willis,M,"5602 John Street
West Michelle, ND 00770",justin16@gmail.com,1925-04-30
100142,kathrynhernandez,Nancy Livingston,F,"7667 Chris Prairie
Dannyborough, CA 14603",brettbrewer@gmail.com,1946-02-12
100143,brian59,Ryan Delgado,M,"103 Mark Terrace Apt. 922
Andresport, PW 15565",gregory31@gmail.com,1976-05-11
100144,johnny52,Andrea George,F,"79323 Herman Square
Jennaside, NY 17664",patrick28@gmail.com,2020-06-17
100145,omedina,Brianna Hoover,F,"03212 Thomas Ford
Port James, MT 33047",maciastony@yahoo.com,1952-10-13
100146,elee,Stephen Brown,M,"5857 Franklin Hollow
Kirkland, FL 58941",rachelyoung@yahoo.com,2017-05-12
100147,hopkinsjoseph,Louis Lopez,M,"73495 Knight Lake
West Jefferyport, TX 27490",conniedawson@yahoo.com,1997-02-28
100148,angela33,Jennifer Dominguez,F,"8360 White Valleys Apt. 806
Ericberg, MS 89950",wilkinslarry@gmail.com,1995-03-21
100149,laurenbrown,Jennifer Gonzalez,F,"78437 Morgan Glens Apt. 056
South Scott, AL 68862",hallmichael@gmail.com,2022-12-21
100150,ericyoung,William Lawson,M,"091 Julie Mountain
Blackburnstad, ID 88887",lgarcia@gmail.com,1985-05-02
100151,adammason,Angela Bonilla,F,"04842 West Causeway
Rachelport, AL 70139",wagnerrose@hotmail.com,1978-08-14
100152,lisa94,Gregory Garcia,M,"857 Lindsey Point Apt. 743
New Erin, RI 14160",james44@gmail.com,2002-05-20
100153,richardestrada,Ronald Francis,M,"64222 Davis Mission Apt. 601
West Cassandra, HI 97421",floresbrad@yahoo.com,1940-02-25
100154,davisedward,Denise Contreras,F,"709 Mccarty Locks
Lake Joshua, RI 17683",thompsonnatalie@yahoo.com,1991-08-18
100155,mgallegos,Tiffany Odonnell,F,"563 Yvette Plains Apt. 505
Spearsfort, WI 90920",chandlerlaurie@yahoo.com,2022-10-17
100156,bwilliams,Walter French,M,"Unit 5140 Box 3475
DPO AE 64385",williamsscott@gmail.com,2022-11-20
100157,morrisjoshua,Kelly King,F,"625 Williamson Lake
Justinborough, PR 19706",rossmichael@gmail.com,2011-11-21
100158,zhenderson,Jennifer Young,F,"40223 Courtney Tunnel Apt. 343
Lake Judithfurt, GA 77830",kathryn47@gmail.com,1928-04-05
100159,lisa10,Vanessa Curtis,F,"415 Melissa Groves Suite 708
North Kristenbury, GA 88287",jasonsmith@yahoo.com,2020-01-27
100160,baldwinbrittany,Laura Matthews,F,"56203 Foster Street Suite 983
Brittanyhaven, TN 84540",aaronwilliams@hotmail.com,1931-04-15
100161,kevinsosa,Paul Wagner,M,"42794 Castaneda Spurs
Michaelstad, DE 81790",bishopandrew@gmail.com,1945-12-03
100162,mariahjackson,Kimberly Banks,F,"812 Thomas Pass Apt. 158
Nguyenmouth, SD 79349",debra25@hotmail.com,1987-05-01
100163,swilliams,Natalie Anderson,F,"6954 Campbell Stream
Velazquezfort, LA 14901",sarapayne@gmail.com,1972-08-15
100164,thomas12,Sarah Shaw,F,"4474 Sanchez Mountain Apt. 839
Kevinhaven, OK 11813",melissa90@gmail.com,1939-05-31
100165,raven47,Caleb Nguyen,M,"32616 Norris Wall
West Michelle, WI 79620",fstephens@yahoo.com,1988-06-12
100166,kathy11,Jason Garcia,M,"467 Franco Lakes
Donaldchester, OK 28207",cheryl41@hotmail.com,2006-08-11
100167,summer51,Sean Martin,M,"66260 Flores Valleys Suite 575
East Christian, VA 24823",vrowland@yahoo.com,1950-09-17
100168,harriskathryn,Lauren Duffy,F,"02392 Douglas Square
Port Johnberg, VT 40085",hilldavid@yahoo.com,1912-12-06
100169,ramirezisabella,Gabrielle Holt,F,"03710 Kelly Lodge
Morrischester, IN 81315",tylergomez@hotmail.com,2022-10-12
100170,barbara75,Patricia Lowery,F,"9742 Melissa Forge Suite 992
Lake John, WI 83280",omaldonado@yahoo.com,1947-03-04
100171,istone,Eddie Kerr,M,"661 Diane Haven Apt. 535
North Jonathan, PA 34489",matacolleen@hotmail.com,1989-11-19
100172,johnsonadrienne,Erica Foley,F,"463 Darryl Prairie
Josechester, OR 81142",jamesjohnston@yahoo.com,1962-11-20
100173,brownmichael,Sarah Alexander,F,"3393 Morales Fords
Christineside, MT 51306",jenniferbrown@hotmail.com,2019-02-22
100174,tanner19,Donald Ramos,M,"32918 Jessica Expressway Apt. 836
Scottbury, OH 86423",evansseth@gmail.com,1995-10-06
100175,jimking,Nicole Rodriguez,F,"1188 Shannon Underpass Suite 206
Williamsport, LA 10281",nicole39@yahoo.com,1981-12-18
100176,saraharcher,Elizabeth Carr,F,"244 Madeline Heights
Cainshire, MI 47010",awilliams@gmail.com,1949-07-07
100177,sean49,Philip Williams,M,"3668 Jackson Bridge Suite 261
North Michelle, GU 23691",janet32@gmail.com,1940-06-16
100178,joshua26,Lisa Wallace,F,"Unit 1034 Box 4449
DPO AA 82986",braunkatelyn@hotmail.com,1946-07-31
100179,rayholt,Kevin Chapman,M,"54676 Scott Summit
North Tonybury, PW 84955",patriciamejia@yahoo.com,1975-02-04
100180,garyatkinson,Antonio Novak,M,"8551 Crawford Port Suite 999
North Maria, SC 66041",jamesthomas@gmail.com,1945-10-14
100181,kayla05,James Lee,M,"8123 Thompson Trail
West Jamie, GU 49863",sarah87@hotmail.com,1981-02-16
100182,gwendolyncollins,Christopher Martinez,M,"884 Peck Ridge Apt. 310
North Crystal, CA 80642",sanchezjason@yahoo.com,1993-05-17
100183,williamsalison,Lisa Massey,F,"885 Collins Orchard Suite 857
New Nicole, IN 27737",patricia05@hotmail.com,2010-05-10
100184,bruce12,Rhonda Thomas,F,"95236 Paul Forest Apt. 512
Port Jaimechester, MT 40096",frodriguez@yahoo.com,2019-03-29
100185,wrightjoshua,Gregory Adams,M,"7270 Johnson Course Suite 194
Lake Melissa, IA 74473",qvillarreal@gmail.com,1925-07-23
100186,zwaters,Heidi Clayton,F,"86920 Kathryn Isle Suite 333
Stephenside, AR 44973",lgriffith@yahoo.com,1920-02-15
100187,robin12,Jose Vaughn,M,"291 Linda Squares Suite 179
Port Sean, AR 63182",porterkelly@yahoo.com,1933-08-04
100188,carolynadams,Kelsey Allen,F,"8249 Morales Crossroad Apt. 475
Lake Angela, IN 53287",ncole@yahoo.com,1939-08-23
100189,riveragary,Jonathon Garza,M,"342 Susan Lakes Suite 944
Smithstad, MA 61044",uolson@hotmail.com,1972-05-22
100190,ashley56,Joshua Rodgers,M,"420 Jones Port Suite 598
Martinezfort, IA 07880",wigginsjennifer@gmail.com,1962-07-24
100191,harrismaureen,Kelly Robinson,F,"USCGC Henry
FPO AE 30258",margaretkennedy@yahoo.com,1994-02-08
100192,mikebryant,Brian Roach,M,"Unit 1606 Box 0886
DPO AE 25883",rhaas@yahoo.com,2018-02-22
100193,nelsonalejandra,Kathleen Rogers,F,"822 Jessica Fords
East Ralph, NM 34555",jennifer59@gmail.com,1911-09-17
100194,hollandkevin,Michael Oconnor,M,"14615 Moran Street
New James, AS 46751",cboyd@yahoo.com,1948-12-22
100195,fdavis,Alejandra Davies,F,"5179 Joshua Overpass Suite 934
Johnsontown, HI 17265",belldennis@hotmail.com,1979-09-16
100196,norma26,Miguel Rose,M,"369 Weber Bypass Suite 085
West Paulburgh, AK 15405",vasquezchristopher@yahoo.com,1955-09-22
100197,ramseyjennifer,Melissa Brown,F,"69090 Mcdaniel Cape
Port Savannahmouth, SC 76820",hgarrett@gmail.com,1969-01-20
100198,uhanson,Angel Long,M,"2441 Green Fields
Lake Leslieton, MP 73216",bradystephanie@hotmail.com,2003-07-18
100199,brownelizabeth,Adam Mack,M,"265 Timothy Road
West Caroline, MD 07624",martinezallison@yahoo.com,2019-01-06
100200,jennifer94,Scott Jackson,M,"9967 Aguilar Garden Apt. 307
Gonzalezville, NV 54019",edwardsfred@hotmail.com,1941-08-06
100201,stephanieshepherd,Stephen Wolf,M,"747 Laura Row Apt. 687
Wellschester, WI 06298",mhernandez@gmail.com,1962-11-16
100202,jenningsjill,William Bradley,M,"2009 Ross Port Suite 574
Murphyfurt, CA 16755",millercharles@gmail.com,1989-07-31
100203,katherinehiggins,Laura Jenkins,F,"80692 Morales Valley
Cheyennefurt, NY 61775",james74@gmail.com,1918-07-22
100204,baileyandrew,Kristin Smith,F,"74812 Garcia Stravenue Apt. 876
East Joytown, FM 50989",fernandezsheila@gmail.com,1953-03-11
100205,michael46,Cynthia Williams,F,"1592 Joseph Trail Suite 936
Dianafurt, VT 84386",gardnerebony@hotmail.com,1983-12-06
100206,perezdaniel,Jessica Lang,F,"Unit 4729 Box 5873
DPO AA 94711",sydney50@hotmail.com,1923-05-10
100207,estout,Carolyn Chan,F,"USCGC Garcia
FPO AE 58263",tylerberger@yahoo.com,1946-11-01
100208,laura19,Valerie Ellis,F,"0507 Whitney Parks Suite 483
East Thomas, LA 70129",wbarker@yahoo.com,1913-07-26
100209,michael99,Kayla Pierce,F,"00005 Gonzales River Suite 201
West Saratown, NV 04425",richardturner@hotmail.com,1959-12-17
100210,qhall,Erin Simon,F,"7847 Andrew Fields Apt. 513
Port Natasha, SC 87293",michaelclark@hotmail.com,1941-01-15
100211,wdyer,Steven Hunt,M,"3433 Jennifer Manor
Monroeburgh, FL 35453",jeremiah98@yahoo.com,1973-11-11
100212,nsmith,Brian Murphy,M,"7964 Anderson Wells Apt. 694
Juantown, PA 27021",yschultz@hotmail.com,1913-08-17
100213,harveybrandy,Nicole Jones,F,"89465 Matthew Harbors
South Trevorside, OH 84982",evansmeagan@gmail.com,1941-02-11
100214,krystal93,Micheal Davenport,M,"PSC 5221, Box 0116
APO AP 46179",brandonbrown@yahoo.com,1942-09-06
100215,qmedina,Michael Foster,M,"408 Rachel Junctions
South Jefferyburgh, MO 86377",coxkatherine@yahoo.com,1977-12-28
100216,laurie86,Margaret Wiggins,F,"33487 Jordan Divide Apt. 470
Port Amanda, LA 91970",xadams@hotmail.com,1949-09-25
100217,tiffany82,Jennifer Cooper,F,"61856 Alexander Gardens
Robertton, OR 09963",catherine56@yahoo.com,2022-12-05
100218,hartthomas,Debra Blackburn,F,"6904 Gonzalez Ridges Suite 545
Lake Kristen, KS 48100",diana22@gmail.com,1991-10-01
100219,norrispatrick,Abigail Hayes,F,"93655 Emma Mills
Lake Timothyland, ID 98268",kevinvilla@hotmail.com,2000-06-16
100220,dhall,Susan Smith,F,"9388 Austin Views
West Jeffrey, MD 14250",blevinsjessica@hotmail.com,1960-04-27
100221,jennybrown,Brent Young,M,"154 Mary Stream Apt. 149
Stephanieport, GU 67201",rodriguezraven@gmail.com,1929-09-22
100222,nicholaspeterson,Matthew Thompson,M,"77865 Prince Vista Suite 123
East Patriciaberg, WI 90474",millersarah@gmail.com,1953-04-11
100223,denise12,Tyler Torres,M,"2109 Mitchell Parkway
Davidsonville, NM 54181",austinmichael@gmail.com,1960-10-03
100224,johnsonaustin,Christopher Conner,M,"270 Flores Fork
New Branditown, MI 10501",craig23@yahoo.com,1913-04-24
100225,smithtiffany,John Ortiz,M,"1414 Martin Curve Apt. 784
Port Nathanstad, MO 52583",ryanlawrence@hotmail.com,1983-01-13
100226,tmccormick,Michael Harper,M,"25936 Love Trace
West Jeffrey, ND 95961",timothyvelasquez@gmail.com,1946-09-28
100227,kathryn60,Donna Cooper,F,"45525 Fisher Loaf
Port Phillip, IN 66677",theresaphillips@hotmail.com,1986-12-08
100228,natasha03,Barry Spence,M,"4784 Williams Creek Apt. 644
Stephenmouth, GA 15736",joseph79@gmail.com,1908-01-28
100229,guerreroearl,Heidi Cruz,F,"118 Jones Club
Amberborough, UT 34429",sknapp@gmail.com,1996-07-27
100230,ohunt,Brandon Phillips,M,"02487 Andrea Trail Apt. 173
Greenefort, NE 15231",bmorris@yahoo.com,1914-01-25
100231,amberdavis,Laurie Parks,F,"Unit 5995 Box 0583
DPO AA 90805",william09@yahoo.com,1975-08-12
100232,mdiaz,Kristen Williams DDS,F,"40441 Sandra Shoals
Yanghaven, ID 78810",joebernard@yahoo.com,1956-11-13
100233,leejacqueline,Alicia Johnson,F,"4708 Sheri Isle
South Henryport, MI 63032",courtneybutler@gmail.com,2018-09-14
100234,joshuawells,Michael Bailey,M,"5594 Cook Islands
Leonardland, VI 23636",simpsonlisa@yahoo.com,1914-09-22
100235,vickiejohnson,Jay Liu,M,"737 Christopher Mountain Suite 285
West Johnland, MA 56761",hlove@yahoo.com,1963-07-23
100236,smorgan,Shannon Austin,F,"88083 Antonio Haven
East Ronaldville, PA 82999",moratamara@gmail.com,1922-07-02
100237,matthew51,Brenda Kennedy,F,"00217 Contreras Expressway
West Ashleyhaven, AS 90251",michael94@hotmail.com,1914-11-21
100238,donald88,Yolanda Tucker,F,"3187 Travis Valley
New Angelaberg, ND 95029",courtneymartinez@hotmail.com,1950-05-27
100239,andrea69,Christina Cameron,F,"44925 Jon Loop
Andersonberg, NC 59109",patelkevin@gmail.com,1984-03-15
100240,garcialisa,Brenda Payne,F,"75303 Moss Ramp Suite 687
West Stacystad, ND 85316",jorgehernandez@yahoo.com,1935-10-31
100241,millerfrederick,Brandon Cook,M,"43546 Hall Courts Suite 375
Collinsmouth, AK 44465",mariawilliamson@gmail.com,1967-10-27
100242,christophercrawford,Alan Levy,M,"749 Robinson Route Suite 684
Colemanmouth, AL 38415",grahammelanie@gmail.com,2017-02-16
100243,gonzalezdarren,Kevin Santos,M,"1995 Decker Plaza
New Tonya, RI 80214",shelbysimmons@gmail.com,1969-06-04
100244,pshaw,Erin Petersen,F,"Unit 4800 Box 4094
DPO AA 08469",danielmarshall@yahoo.com,1966-08-01
100245,hbailey,Melissa Morrow,F,"Unit 6769 Box 2735
DPO AA 77508",christopher61@hotmail.com,1946-02-09
100246,morrowjonathan,Jessica Howell,F,"869 Case Highway
East Paul, PA 53461",marshalllatoya@hotmail.com,1978-05-31
100247,david09,Elizabeth Aguilar,F,"63572 Keller Islands Apt. 183
West Angelaport, IL 41100",veronica98@hotmail.com,1989-11-29
100248,parkertrevor,Jeremy Foster,M,"37216 Smith Lakes Apt. 642
Port Karenton, OK 74844",austinpatricia@gmail.com,1944-08-15
100249,vdean,Michaela Dyer,F,"USNS Woods
FPO AE 20578",stewartstacey@gmail.com,1929-07-12
100250,hmurphy,Shane Compton,M,"USS Bell
FPO AP 11942",herrerasarah@gmail.com,1930-08-09
100251,gward,Joseph Campos,M,"29536 Martinez Freeway
Port David, OK 56321",bethcook@hotmail.com,1945-09-11
100252,brittanyjohnson,Jordan Davis,F,"7811 Ashley Plain
Evansberg, GA 97192",michael78@gmail.com,1920-03-28
100253,gbryant,Ashley Green,F,"81140 Nash Track
Smithburgh, MA 15121",thompsonbrandon@hotmail.com,1908-12-13
100254,elizabethjackson,Michelle Smith,F,"0950 Lee Haven
New Alfredton, DC 67156",swashington@yahoo.com,1922-11-06
100255,epace,Alexander Gray,M,"Unit 4856 Box 6816
DPO AA 23846",lclay@hotmail.com,1929-02-27
100256,vasquezamanda,Cameron Moore,M,"PSC 7374, Box 0255
APO AP 60424",alvarezcrystal@yahoo.com,1975-09-17
100257,khill,Sydney Joseph,F,"126 Kristopher Springs Apt. 417
Eugeneshire, WA 30288",jjames@hotmail.com,1910-08-10
100258,ronnie06,Elizabeth Garcia,F,"8404 Carolyn Mills Suite 592
Butlerstad, RI 95015",briana24@yahoo.com,2003-04-29
100259,deanjon,Amber Freeman,F,"801 Donald Gateway Suite 801
North Jenniferhaven, LA 04323",wkramer@yahoo.com,2011-10-09
100260,dadkins,Jennifer Jones,F,"67843 Courtney Terrace
South Gary, NM 26220",jenniferlee@yahoo.com,2002-10-22
100261,peggyschwartz,John Flynn,M,"03140 William Hill
Dunnshire, TN 60579",mary02@gmail.com,1994-06-23
100262,martinezjohn,Ryan Nguyen,M,"40872 Kennedy Overpass Apt. 185
New Caitlin, AR 81646",davisadam@yahoo.com,1987-09-21
100263,jonesdaniel,Brittany Lara,F,"60865 Kenneth Mission Apt. 288
Sandovalshire, PR 73290",hannaholson@gmail.com,2023-01-30
100264,josephwalters,Michael Reed,M,"3913 Ryan Cove
Derrickborough, OR 58072",xvelazquez@hotmail.com,1981-02-08
100265,ecampbell,Anthony Clark,M,"093 Anderson Keys
Lake Michelleton, RI 40881",traci58@gmail.com,1988-09-04
100266,sbennett,Phillip Bass,M,"4001 Samuel Plaza
Petermouth, NV 90825",pgarcia@hotmail.com,2007-08-10
100267,edwardsanne,Annette Lowery,F,"32459 Ashley Cove
North Andrew, DC 05473",colenina@yahoo.com,1930-04-15
100268,maria47,Tom Johnson,M,"9606 Palmer Island
Tammyview, KS 45386",lambandrew@yahoo.com,1999-03-22
100269,hlambert,Mary Torres,F,"1469 Hughes Stream Suite 673
Rebeccashire, LA 78504",annejackson@yahoo.com,2015-08-02
100270,denise63,Lisa Ferguson,F,"USNS Rivers
FPO AE 34906",alexandra47@gmail.com,2009-02-24
100271,james63,Kevin Jackson,M,"PSC 2934, Box 6490
APO AP 19994",craig95@gmail.com,1946-07-30
100272,goodmanchristopher,Erika Wade,F,"94716 Davis Radial Apt. 880
Riosville, SC 97445",fcampbell@yahoo.com,1912-08-07
100273,swansontanya,Jennifer Torres,F,"88970 Parker Throughway
Gloriaton, FM 37273",joseph10@yahoo.com,1992-02-29
100274,sheila17,Xavier Cobb,M,"2584 Lamb Divide
North Lauren, HI 14781",taylor41@yahoo.com,1988-09-11
100275,timothytaylor,Kelly Thomas,F,"13661 Long Freeway
South Anthony, OR 55733",alambert@gmail.com,2018-08-01
100276,maureenayers,Jeffrey Crane,M,"249 Jones Greens Apt. 460
Bairdberg, NV 28455",anthony62@hotmail.com,2002-01-11
100277,mistyponce,Shirley Johnson MD,F,"PSC 2649, Box 3844
APO AE 01768",qkennedy@gmail.com,1958-12-02
100278,antonio69,Jacqueline Smith,F,"56963 David Track
Port Elijahborough, VT 68378",mcphersonmichael@gmail.com,1976-05-12
100279,phyllis47,Gerald Whitehead,M,"130 Taylor Mount
Port Nicolefurt, NV 70367",sierraraymond@yahoo.com,2011-12-14
100280,elliottkendra,Michael May,M,"2633 Wright Cape
Davismouth, HI 87324",mcdonaldchristopher@yahoo.com,1987-10-06
100281,alfred31,Amanda Jones,F,"48371 Christy Fork
West Thomasburgh, NV 02456",hcannon@gmail.com,1955-04-10
100282,hfoster,Cathy Gordon,F,"36503 Nichole Cliff Suite 416
Troybury, SD 02995",vaughndavid@yahoo.com,2009-05-19
100283,fitzgeraldjustin,Elizabeth Scott,F,"3524 Williams Forge Apt. 968
Lake Melanie, PA 56303",samuelayers@yahoo.com,1961-12-22
100284,marie11,Michael Anderson,M,"932 Susan Garden
Lake Ericaborough, OK 41788",jacksonheather@hotmail.com,1992-04-17
100285,matthew92,Stephanie Shea,F,"47700 Rachel Camp
Randallmouth, AS 50158",jaimemartin@hotmail.com,2015-08-01
100286,walkernicholas,Kristina Tyler,F,"Unit 7809 Box 9040
DPO AE 26534",fryephillip@yahoo.com,1989-12-18
100287,sherrivaughn,Cheryl Green,F,"7783 Thomas Locks
Jacksonview, OR 86694",lisarobinson@gmail.com,2010-01-23
100288,paula89,Diana Thompson MD,F,"709 Ford Throughway
Wongmouth, IN 99649",jeffrey02@yahoo.com,2016-11-26
100289,desireemolina,Brenda Blair,F,"31504 Nicole Knolls Apt. 004
Port Justinstad, WV 82092",pparker@yahoo.com,1917-06-20
100290,cantuamy,Justin Crosby,M,"13784 Donna Field
Ryanborough, OR 62777",qponce@hotmail.com,2010-09-09
100291,suzanne95,Thomas Warren,M,"35958 Amanda Crest Apt. 728
South Timothy, IN 41121",stevenbanks@yahoo.com,1941-06-24
100292,hbranch,Jordan Williams,F,"85152 Anderson Key Suite 360
New Danielport, GA 25556",whitemary@hotmail.com,2016-06-19
100293,qhuffman,Amanda Rocha,F,"7887 Huber Cove Suite 108
Jamesshire, MI 88783",debra39@yahoo.com,2023-02-13
100294,ijackson,Susan Parks,F,"063 Lopez Run Apt. 168
New Paulfort, WA 09317",michelle49@hotmail.com,2004-01-22
100295,fcarter,Joseph Camacho,M,"2016 Ashley Lodge Suite 073
Seanhaven, WV 80236",powellsusan@hotmail.com,1944-01-25
100296,brent63,Angela Burns,F,"71155 Stacey Lodge Suite 349
Evanport, CT 11747",zhiggins@yahoo.com,2015-05-28
100297,rachel79,Diane Smith,F,"525 Gabriel Pass
Veronicamouth, WY 16215",mortonpeter@yahoo.com,1931-06-21
100298,sarah41,Vincent Woodward,M,"458 Baker Circles
Port Erikaborough, OR 08421",ramirezrobert@hotmail.com,1962-01-07
100299,kimberly25,Kevin Harper,M,"USNS Arnold
FPO AP 86076",amanda53@yahoo.com,1912-04-05
100300,jessicahess,Amy Gonzales,F,"Unit 3017 Box 2971
DPO AA 48818",rmitchell@yahoo.com,1949-09-22
100301,ipaul,Jacqueline Townsend,F,"88286 Nichols Port Suite 872
Baileystad, TN 52445",trice@yahoo.com,1975-02-22
100302,kgray,Bryan Higgins,M,"940 Russell Rapid Suite 756
Port Meghan, NJ 40497",vramirez@yahoo.com,1986-07-11
100303,kentmegan,William Austin,M,"PSC 0882, Box 4355
APO AE 51252",slewis@yahoo.com,1917-06-16
100304,yreyes,Jennifer Kim,F,"8004 Ashley Stravenue Apt. 239
East Christineborough, NY 14401",pfitzpatrick@yahoo.com,1947-06-05
100305,oreynolds,Jack Miles,M,"71747 Samantha Islands Apt. 407
Lake Bryanshire, FL 01181",alisongarcia@yahoo.com,1920-11-21
100306,smithalyssa,Jacqueline Hammond,F,"Unit 8168 Box 4217
DPO AE 17684",ithomas@yahoo.com,1918-02-01
100307,wilsoncaroline,Sarah Navarro,F,"82613 Peter Lodge
Jamieton, ID 41568",amberramirez@yahoo.com,1941-11-17
100308,kmorris,Brittany Lopez,F,"USNS Smith
FPO AA 70741",tthomas@yahoo.com,1957-07-09
100309,alexanderharrison,Stephanie Sharp,F,"40513 Mckay Trace
East Tanya, HI 07526",denise47@hotmail.com,1968-04-03
100310,donnamoore,Maria Fuller,F,"346 Caldwell Lake Suite 092
Michaelton, ID 43896",fullerscott@gmail.com,1986-05-01
100311,andrew26,Tammy Allen,F,"852 Hudson Course Suite 586
Lake Kylefort, KS 35574",fwells@gmail.com,1920-11-26
100312,margaretsmith,Angela Esparza,F,"3368 Michael Fields Suite 582
Clinemouth, GU 55584",rjones@hotmail.com,1966-12-09
100313,tylerhansen,Daniel Davis,M,"93753 Chelsey Common Apt. 710
Cathymouth, GU 50768",xsanchez@yahoo.com,2004-06-16
100314,baileylisa,Emily Owens,F,"6776 Navarro Brooks Apt. 329
Donnaborough, NJ 20436",jmurray@gmail.com,2006-02-19
100315,joanreese,Dustin Lewis,M,"0687 Wagner Lake Suite 906
East Sarashire, MO 96277",ymullins@hotmail.com,2005-10-06
100316,pkennedy,Michael Hernandez,M,"144 Jones Fords Suite 646
Ortizmouth, WY 97363",barry37@hotmail.com,1961-09-21
100317,fraziervictoria,Ronald Adams,M,"607 Garcia Fort Apt. 581
Port Anthony, MP 11717",adam42@hotmail.com,1938-08-12
100318,ronaldmarshall,Dawn Robinson,F,"43902 Harris Forge Apt. 738
Kellyfort, VT 12740",leejohn@yahoo.com,1929-09-30
100319,perezkatherine,Wendy Garrison,F,"715 Barton Tunnel
Palmerstad, ND 58538",johnsonamy@yahoo.com,1995-05-22
100320,stephanie85,Cristina Hayes,F,"6820 Sabrina Pass
West Corey, MH 37782",rachelwilliams@hotmail.com,1969-02-24
100321,melaniemiles,Timothy Friedman,M,"2475 Julie Pines
Gregorybury, TX 03370",nixonrebecca@hotmail.com,1965-07-17
100322,mlamb,Kevin Miller,M,"438 Rice Village Suite 942
Lake Michaeltown, VA 65127",williamjones@gmail.com,1940-01-18
100323,mhunter,Gregory Carpenter,M,"PSC 9128, Box 6600
APO AP 64954",iwong@yahoo.com,1991-05-10
100324,luke40,Jonathan Kim,M,"3994 Benson Rapids
East Joseph, IA 48331",jacobsmiranda@yahoo.com,1996-02-25
100325,markelliott,Edward Liu,M,"2732 Gregory River Suite 915
Simmonston, CT 19864",hogantaylor@gmail.com,1949-05-26
100326,christopher87,Peter Wood,M,"37904 Bryan Falls Suite 390
North Debramouth, MA 87628",michaeltucker@hotmail.com,1914-07-11
100327,rmercado,Stephen King,M,"5590 Jeffrey Street
Tommyborough, MH 62973",devon26@gmail.com,1960-07-12
100328,jack05,Jill Wilson,F,"1705 Yoder Islands Apt. 603
Hillbury, NV 67787",trujillomichael@hotmail.com,1945-09-13
100329,vanessa98,Stephanie Newton,F,"290 Jenny Harbors Apt. 843
East Craigshire, ND 09817",joshua96@yahoo.com,1921-10-22
100330,sandra04,Isabella Lee,F,"626 Joseph Islands Suite 354
New Robert, AZ 27645",michael31@hotmail.com,1940-05-31
100331,teresamercer,Troy Lawrence,M,"69377 William Brook Apt. 822
Patrickhaven, WY 61519",halejoan@gmail.com,2020-09-29
100332,briana06,Jesus Kennedy,M,"1672 Joanne Lodge Apt. 640
East Mariah, MN 63331",gutierrezwalter@yahoo.com,1988-03-24
100333,jennifer36,Katrina Ward,F,"065 Travis Radial Apt. 699
Lake Dakota, ID 61923",gomezmary@hotmail.com,1931-01-03
100334,qmartin,Stacy Hatfield,F,"302 Barry Shoal
North Susanstad, AZ 59391",lmiller@gmail.com,1908-07-16
100335,christine31,Matthew Riley,M,"PSC 5981, Box 6633
APO AA 31986",nbond@hotmail.com,1911-12-06
100336,kellytammy,Leslie Reynolds,F,"020 Kelli Viaduct
Lake Eric, VT 70121",daymarie@hotmail.com,1952-08-22
100337,mcdanielchristina,Joshua Hobbs,M,"09981 Lyons Mountains
Theresatown, PW 30384",chelseacoleman@hotmail.com,1925-04-18
100338,xmelton,Tina Peterson,F,"999 Morales Causeway
Lake Kathleenmouth, HI 86907",erin20@yahoo.com,1989-03-03
100339,sjones,Amy Kirby,F,"6473 Sabrina Junctions
Dillonville, PA 14003",gmoody@hotmail.com,1928-01-07
100340,justin75,Jennifer Green,F,"USNS Davis
FPO AP 28935",frank74@gmail.com,1985-12-21
100341,francesbrown,Scott Davis,M,"424 Smith Ford
Seanborough, IL 51714",watkinselizabeth@hotmail.com,1984-03-15
100342,jeffreymiles,Suzanne Garrett,F,"45365 Meyer Island
South Edward, AZ 84078",storres@yahoo.com,2021-07-11
100343,jennifer88,Amber Coleman,F,"671 Adam Lake Apt. 793
Heatherburgh, DC 45662",nwright@hotmail.com,1942-05-21
100344,russell34,Taylor Ross,F,"74748 Beck Ridges Suite 745
Schultzmouth, VI 49132",chavezmicheal@yahoo.com,1990-12-05
100345,kaitlyn03,Jeremy Rogers,M,"43883 Marie Views
Coryburgh, AL 28974",wcooper@gmail.com,2006-06-14
100346,michaelfox,Jonathan Barton,M,"USCGC Cummings
FPO AE 06931",hsummers@gmail.com,2021-08-02
100347,davidhaley,Diana Silva,F,"Unit 0753 Box 0956
DPO AP 58368",beckerchristopher@hotmail.com,1996-01-15
100348,colonhaley,Tracy Landry,F,"676 Christian Village Apt. 352
West Glennfort, ID 76141",christyschmidt@yahoo.com,1941-12-29
100349,morrismark,Zachary Taylor,M,"260 Savannah Mountain Apt. 975
Harrisborough, PR 14705",zcampbell@gmail.com,1917-08-16
100350,melissa23,Isaiah King,M,"06485 Gallagher Ferry
Timothyborough, OR 08021",emilythomas@hotmail.com,2010-06-21
100351,codywilson,Ryan Harris,M,"52391 Danielle Brooks Apt. 438
New Erin, WI 16564",jenniferhamilton@gmail.com,2005-02-09
100352,omorgan,Lisa Tate,F,"581 Jennifer Turnpike Apt. 128
Scottview, DC 81069",hardyrobert@hotmail.com,2015-08-17
100353,josephhorn,Jacob Martinez,M,"66086 Hinton Mills
Ballardberg, IA 55568",james05@hotmail.com,2008-05-20
100354,amanda80,Brittany Williamson,F,"3913 Thomas Knolls Suite 435
Jessicafort, VA 45794",meaganfisher@hotmail.com,1971-10-05
100355,kaitlynmason,William Padilla,M,"573 Matthew Mall Apt. 649
South George, GA 47181",kristy16@yahoo.com,1944-09-03
100356,hendersonpatricia,Kevin Johnson,M,"53052 Mcknight Views
Justinton, FM 84697",caroline80@yahoo.com,2016-06-28
100357,hansonalison,Justin Abbott,M,"8635 Griffith Dam Apt. 360
Lake Melissamouth, MD 10927",wreynolds@gmail.com,2008-12-09
100358,ashley28,Joseph Martinez,M,"8622 Miller Mills
North Deborah, RI 57982",hruiz@hotmail.com,2003-07-16
100359,nguyenanthony,Robert Waters,M,"PSC 6267, Box 8970
APO AA 46812",uolson@gmail.com,1921-11-03
100360,osummers,Melissa Brooks,F,"USNV Bird
FPO AP 87703",graykaren@gmail.com,1993-01-25
100361,crystalnelson,Mark Potter,M,"11190 Michelle Mountains Apt. 322
Richardborough, NH 65920",millsjoshua@gmail.com,1973-10-07
100362,samanthahill,Jacob Robinson,M,"40109 Perez Falls Apt. 078
Coxport, MN 67604",harperpeggy@yahoo.com,1956-01-21
100363,sarahanderson,Tina Moore,F,"893 Lee Squares
North Jamesstad, ID 46781",kdickerson@yahoo.com,1939-09-06
100364,lopezanthony,Anna Hall,F,"8935 Sean Tunnel Apt. 019
Port Lisachester, KS 17000",kwilkins@yahoo.com,1921-01-04
100365,jeffreywallace,Stacy Shah,F,"PSC 0775, Box 7802
APO AE 00507",patrickanderson@gmail.com,1998-11-13
100366,jessica76,Stephen Lee,M,"6505 Scott Avenue Suite 501
Port Ashleymouth, AL 30856",michelleschmidt@gmail.com,2020-12-04
100367,jenniferwilliams,Paul Stout,M,"2262 Carolyn Burgs
West Barbara, KY 61425",ronnie64@hotmail.com,2009-02-17
100368,robinsonchelsea,Kelly Pearson,F,"46206 Edward Mission
Taylorfurt, IL 82923",vegajanice@hotmail.com,1972-08-08
100369,melindacox,Colleen Gray,F,"784 Ryan Center
South Brian, AL 73566",kathrynwright@gmail.com,1936-06-02
100370,allisonjohnson,Stephanie Lynch,F,"0028 John Street
West Michealburgh, AL 75326",matthewgibson@gmail.com,1985-03-22
100371,latoyamack,Jennifer Diaz,F,"660 Joseph Place Suite 790
South Josephtown, UT 79354",scottclark@yahoo.com,2004-12-06
100372,melissaoconnell,Anita Richmond,F,"2183 Webster Field
Rachelport, NC 70913",millerchad@yahoo.com,1923-10-08
100373,barbara30,Deborah Morgan,F,"62036 Swanson Mill Suite 475
Kellyton, LA 40313",hardydenise@hotmail.com,2020-01-18
100374,caitlinlopez,Kevin Miller,M,"7296 Perez Court
Salazarborough, CT 30592",thomasdanielle@gmail.com,1989-09-14
100375,petersonraymond,Audrey Stewart,F,"30464 Robbins Drives Suite 629
Lake Tracymouth, NH 37130",rdavis@gmail.com,1936-06-19
100376,vmyers,Cody Morales,M,"5056 Simon Brook Suite 496
Port Jason, FM 93619",foxamber@yahoo.com,1926-01-03
100377,djohnson,Michelle Holland,F,"3236 Townsend Overpass Apt. 261
Lynchburgh, MT 57171",garciaeric@gmail.com,1954-06-06
100378,ferickson,Kimberly Morgan,F,"45746 Jennifer Overpass Apt. 520
Victoriamouth, MD 77601",pwarren@gmail.com,1926-09-26
100379,anna95,Philip Li,M,"49560 Jennifer Ranch Apt. 460
Thomasmouth, MS 27279",hulltammy@hotmail.com,1956-11-26
100380,andrewgarrison,David Williams,M,"451 Bruce Green
Heathbury, MI 47842",rosschristina@hotmail.com,1920-11-29
100381,coxrita,Olivia Sanders,F,"11755 Heather Camp Apt. 676
Wattsbury, OK 49746",reneehamilton@hotmail.com,1972-01-01
100382,jmartinez,Christopher Washington,M,"435 Timothy Skyway
Ortegaborough, VI 39625",anthonygarcia@hotmail.com,1922-01-17
100383,danielkemp,Anthony Macias,M,"997 Destiny Estate Suite 278
Gonzalezfurt, VI 12918",mlucero@yahoo.com,1973-12-15
100384,luis23,James Cummings Jr.,M,"020 Nicholson Fork
Jeffreystad, VT 70572",candersen@hotmail.com,1920-09-10
100385,probinson,Jason Wright,M,"53605 Francisco Mill Apt. 768
Payneport, GA 60204",veronica13@yahoo.com,1925-05-09
100386,lambdillon,Frederick Edwards,M,"755 April Loop
Lake Sarah, SC 96037",richardhuber@hotmail.com,1910-08-20
100387,john46,Madison Berry,F,"3843 Maria Islands Apt. 322
Riverahaven, IN 23135",aaron62@yahoo.com,1964-05-19
100388,lmoore,Joseph Maldonado,M,"98217 Herrera Burg Apt. 845
East Michelleside, IA 79780",lindsey64@yahoo.com,1967-01-18
100389,perezrichard,Christina Gamble,F,"8276 Stephens Trail
New Roberto, TN 28872",meganmccormick@gmail.com,1928-11-17
100390,iwilson,Yolanda Murillo,F,"819 Castillo Forks Apt. 542
Gonzalezside, SD 13489",reesewendy@hotmail.com,2012-09-18
100391,erin57,Kristen Figueroa,F,"757 Villarreal Corner
Cruzport, SC 66604",christopher42@hotmail.com,2003-07-11
100392,yfreeman,Richard Butler,M,"102 Ryan Spring
West Christopher, PR 56626",walkertina@gmail.com,1919-10-24
100393,deckererin,Veronica Le,F,"294 Kelli Stravenue
Zacharyberg, ID 78528",todd43@yahoo.com,2002-04-24
100394,amanda72,Erin Blankenship,F,"5875 Rhonda Views
Scottstad, KS 15878",jonescarrie@gmail.com,1968-06-21
100395,bryantjohn,Benjamin Watson,M,"60298 Potts Fork
Michaelbury, MT 92464",ortizkimberly@gmail.com,2023-03-21
100396,knoxerin,Andrea Luna,F,"96927 Christopher Camp
Mooreton, TN 25586",sylvia01@hotmail.com,1979-01-21
100397,jwise,William Mendez,M,"047 Curtis Shoals
Danieltown, NE 75018",johnsonkenneth@hotmail.com,2014-05-05
100398,audrey95,David Cervantes,M,"6742 Tanya Harbors Apt. 251
Brendaton, DE 58233",malonejennifer@gmail.com,1990-09-27
100399,reynoldslarry,Jamie Young,F,"3039 Walker Mountain Suite 681
Robertsonshire, MO 87499",stephensbrandon@hotmail.com,1959-04-07
100400,dstevenson,Tammy Meyer,F,"032 Brandon Spring Suite 564
Jameston, RI 39718",ricejasmine@hotmail.com,1987-01-22
100401,sross,Bradley Weaver,M,"898 Michael Well
Bryanmouth, PW 44468",andrew48@yahoo.com,1938-06-15
100402,bmartinez,Kristin Mann MD,F,"79367 Simmons Mill
East Richardstad, NM 64755",eleach@gmail.com,2023-01-29
100403,elizabethwilliams,Kara Mosley,F,"43353 Linda Forge
Lake Beckyborough, MH 04347",victoria15@yahoo.com,1972-12-15
100404,elliottryan,Julie Hunt,F,"5433 Laura Walks
East Tony, ME 87347",matthew63@yahoo.com,1958-07-03
100405,pittmanalex,Christopher Lindsey,M,"733 Barber Lakes
Riveraberg, CO 27098",andrewsilva@gmail.com,1978-05-21
100406,kathygarcia,Ms. Jennifer Daniels PhD,F,"854 Dale Mount Suite 238
Port Jacobchester, MI 81090",tracymorgan@yahoo.com,1948-07-06
100407,scott89,Tina Jackson,F,"42398 Wallace Junction Suite 720
New Michelle, VA 16858",aguilaralyssa@hotmail.com,1908-04-20
100408,qanderson,Phillip Jones,M,"18334 Erin Fall Apt. 828
Lewisshire, FM 76668",heather94@hotmail.com,1910-01-27
100409,rrobinson,Susan Williams,F,"66882 Jason Islands Suite 105
Gravesview, GA 69332",susan55@gmail.com,2014-03-11
100410,annecarson,Joyce Phillips,F,"6687 Mason Ranch Suite 416
Valerieville, WV 14017",guerrabenjamin@yahoo.com,1914-04-18
100411,grahamscott,Joel Williams,M,"586 Williams Extension Suite 622
North Juanport, PR 01799",teresa25@gmail.com,1978-04-25
100412,xmurray,Amanda Stanton,F,"USNV Vaughn
FPO AP 34310",nancymartin@gmail.com,1990-01-24
100413,qramirez,Kaylee Crawford,F,"04384 Richards Lock Apt. 886
Lake Tiffanyborough, DE 74702",dalton29@gmail.com,1915-08-07
100414,paynejames,David Williams,M,"1765 Rodgers Tunnel
East Kayla, TN 95820",kimberlyburns@gmail.com,1977-04-20
100415,dudleycolleen,Tonya Stephens,F,"669 Kristen Branch
Robinsonfort, NY 02998",brittanysullivan@hotmail.com,1957-03-22
100416,christinelee,Karen Bradley,F,"USNV Roberts
FPO AE 35835",pennyberry@yahoo.com,2001-11-07
100417,thorton,Andres Martin,M,"Unit 8090 Box 1046
DPO AE 22468",frostnicholas@hotmail.com,1937-09-14
100418,gstewart,Richard Blankenship,M,"04488 Robert Unions
West Rebecca, MA 65825",uford@yahoo.com,1918-01-28
100419,pharrington,Danielle Thomas,F,"275 Thompson Extension Apt. 025
Brownfurt, HI 52235",armstronglarry@hotmail.com,1971-11-18
100420,scottsteven,Christopher Romero,M,"0680 Diana Locks Suite 028
Lake John, AZ 55008",marc92@hotmail.com,1927-11-28
100421,phelpsanthony,Meagan Wilkinson,F,"18108 Julia Gardens
Camposside, ME 19878",clarkedaniel@yahoo.com,1931-04-23
100422,ryan88,Kirk Wallace,M,"PSC 0570, Box 6776
APO AP 23597",vasquezpatricia@yahoo.com,1940-12-08
100423,traci43,Kristin Nelson,F,"765 Shane Coves Apt. 792
Baileyburgh, WV 90861",pking@hotmail.com,1968-05-12
100424,robert05,Melissa Smith,F,"5543 Brandon Crossing
North Peter, WY 34081",rlloyd@gmail.com,2006-04-05
100425,crosario,Ryan Moore,M,"9721 Robert Fort Apt. 223
Harrisonside, NM 58022",lrodriguez@yahoo.com,1949-09-25
100426,gibsonandrew,Ryan Jacobson,M,"77876 Murphy Ramp
Rodneyview, AZ 60934",qfarley@gmail.com,1996-03-06
100427,padillasteven,Clifford Perez,M,"55563 Elizabeth Bridge
Bassland, CA 55173",frodriguez@yahoo.com,1947-12-08
100428,brucesmith,Denise Gonzales,F,"7321 Wu Knoll
South Jesse, NY 26052",xhill@hotmail.com,1991-07-22
100429,westjanet,Emily Adams,F,"931 Elijah Glens
Johnsonside, CO 04294",zheath@yahoo.com,1960-06-25
100430,jeremiah88,Kevin Hall III,M,"21485 Rivera Ramp Suite 735
Brownmouth, KY 35832",iortiz@gmail.com,2012-04-14
100431,patrick97,Jenny Orr,F,"52754 Valdez Valley Suite 489
East Matthew, PA 89428",osexton@hotmail.com,1984-09-08
100432,charleswhite,Thomas Murray,M,"USNV Tran
FPO AP 52851",margaret06@hotmail.com,1937-11-01
100433,shaunjohnson,Albert Perry,M,"601 Ashley Crossroad
North Michelleport, NH 22930",nwood@gmail.com,1999-11-28
100434,pamclayton,Troy Hamilton,M,"94714 Wilson Canyon Suite 000
Martinezstad, CT 59520",angielopez@yahoo.com,1958-02-19
100435,elizabeth76,Kayla Ryan,F,"8343 Dalton Alley Apt. 807
East Kristenshire, IN 39433",qcollins@hotmail.com,2010-01-16
100436,lisasmith,Mr. Jason Barnes,M,"USS Mendoza
FPO AP 81833",matthewpacheco@yahoo.com,1926-06-20
100437,djohnson,Morgan Garcia,F,"10864 Caldwell Plains
Lake Markchester, PW 51334",williamsjohnathan@gmail.com,1909-05-16
100438,stanleycourtney,Pamela Chapman,F,"1066 Simmons Parks Suite 768
Christophershire, WA 50623",bradleyortiz@gmail.com,1939-12-29
100439,kevin70,Corey Baker,M,"5930 Jackson Way
East Jessica, ID 38829",thomaswilliam@yahoo.com,1974-01-25
100440,jeremyhall,John Merritt,M,"1371 Ronald Extensions
Murrayland, GA 54923",baldwinzachary@hotmail.com,1962-04-11
100441,iliu,Susan Shea,F,"50378 Baker Ridge
Barrettshire, NY 46711",xphillips@yahoo.com,2016-05-19
100442,todd40,Jacob Kelly,M,"98013 Scott Row Apt. 217
Edwardsville, OH 46108",kholmes@gmail.com,1941-01-24
100443,carolynking,Amy Contreras,F,"974 Mccoy Court Suite 027
South Christopher, UT 94587",hickskimberly@gmail.com,1944-11-20
100444,rmcconnell,Erin Lopez,F,"PSC 5778, Box 8786
APO AP 57947",thorntonamy@yahoo.com,1928-12-20
100445,gomezgeorge,Julian Rodriguez,M,"31399 Tiffany Rue Suite 504
Jennifertown, KS 37238",lmccoy@gmail.com,1928-02-25
100446,julia00,Phillip Lewis,M,"Unit 4778 Box 3852
DPO AA 09690",qhayes@gmail.com,1991-04-25
100447,kevin88,Wendy Price,F,"7611 Dickson Ridge Apt. 404
Mayerside, PA 46202",rmarshall@hotmail.com,1937-02-12
100448,bushjohn,Christopher Walls,M,"320 Fitzgerald Gardens Suite 326
Stevenstad, CT 63915",vincent13@yahoo.com,1908-08-29
100449,swansonchristine,Lindsey Schneider,F,"8445 Lopez Court Apt. 008
Montgomerybury, GA 15285",dylannewton@yahoo.com,1940-06-21
100450,brandondixon,Ashley Smith,F,"92034 Drake Junction Suite 523
North Allisonchester, NM 58871",frankroy@hotmail.com,1916-08-06
100451,randallpratt,Brianna Ruiz,F,"Unit 4613 Box 8236
DPO AE 23443",alisonking@yahoo.com,1972-03-11
100452,wmartinez,Robert Armstrong,M,"805 Kevin Mission Apt. 579
North Judy, ME 02969",jessica52@gmail.com,1922-06-03
100453,panderson,William Garza,M,"71970 Aguilar Loop Apt. 157
Port Paulhaven, CO 64420",eyoung@yahoo.com,1937-02-18
100454,tammie29,Kelly Howell,F,"5787 Velez Islands
Port Jimmy, WI 06614",dixonpamela@yahoo.com,1967-11-01
100455,whitney58,Danielle Rogers MD,F,"32851 Cobb Loaf Suite 334
New Sarahstad, MP 08595",michaelaking@gmail.com,1972-05-07
100456,corey64,Anthony Salazar,M,"9379 Gregory Land Suite 521
North Shelby, WI 02779",atran@yahoo.com,2017-11-11
100457,campbellkevin,Stephanie King,F,"843 Moore Common Suite 611
Codyshire, AS 30751",mary10@yahoo.com,1970-04-16
100458,jessicamoore,Todd Smith,M,"50848 Mcguire Ramp
Lake Shawnside, CO 98177",rachaeldavis@yahoo.com,1975-09-20
100459,james89,Julie Huber,F,"8827 Lopez Estates Suite 072
Francotown, ME 92071",williamstracy@yahoo.com,1975-03-06
100460,kthomas,Sarah Perkins,F,"618 Brady Village
Port Jamesport, NE 62401",zcruz@yahoo.com,2007-01-25
100461,odonnelllauren,Tyler Williamson,M,"82044 Williams Stream Apt. 447
Lewishaven, AL 73180",vparks@gmail.com,1909-10-12
100462,pamela66,Jesus Padilla,M,"862 Boyd Flats Apt. 698
South Ana, CT 74117",robinsonthomas@yahoo.com,1973-01-06
100463,callahancarrie,Monique Johnson,F,"164 Jones Parkway
Clarktown, AS 85412",alexis95@yahoo.com,1937-05-16
100464,usutton,Jill Harrington,F,"712 Michael Estate
Port Kelsey, PR 25541",jenniferbrown@yahoo.com,1918-04-19
100465,jenkinsbenjamin,Jacob Soto,M,"79668 Cheryl Islands Apt. 721
Carterside, NV 85687",wwood@hotmail.com,1952-02-16
100466,kathleen56,Leah Warren,F,"25716 Susan Isle Suite 872
Terrybury, NY 48206",lesterjose@yahoo.com,1945-06-24
100467,johnsonmaria,Jaime Nelson,F,"PSC 9834, Box 3094
APO AP 72380",mauricejohnson@hotmail.com,1973-05-19
100468,cabreraraymond,Dr. Thomas Tran,M,"793 Timothy Island Apt. 821
Johnstad, MD 11952",ballardcharles@gmail.com,1935-11-23
100469,elizabethpotts,Joseph Bass,M,"1638 Matthew Ford Suite 196
Taraburgh, FL 94094",tinajones@hotmail.com,1984-12-11
100470,scottjustin,Kelsey Baker,F,"851 Sweeney Forest
Moralesborough, NE 92561",aday@hotmail.com,1916-04-30
100471,casey41,Christopher Thompson,M,"2617 Larson Prairie
Karahaven, PA 86193",wardmorgan@hotmail.com,1924-12-25
100472,ikoch,Tony Gross,M,"058 French Ferry Apt. 951
Rebeccafurt, PA 61027",morrowjonathan@gmail.com,1943-02-16
100473,ajones,Victoria George,F,"1212 Cassandra Freeway
West Seanview, VA 11820",longmatthew@gmail.com,1951-10-08
100474,ericrussell,Ruben Hines,M,"4114 Laurie Meadow
Nelsonfort, AL 26250",pachecosamuel@yahoo.com,1995-08-29
100475,matthewrobinson,Karen Preston,F,"555 Elliott Glen
Gordonborough, AL 94105",andrew54@gmail.com,1995-08-07
100476,kbryant,Pamela Robertson,F,"69636 Rachel Spring
South Michael, TX 92616",erinjackson@gmail.com,2013-07-08
100477,uhess,Vincent Smith,M,"2741 Chavez Village Apt. 915
North James, MP 38654",georgeandrew@hotmail.com,1916-11-30
100478,david83,Denise Bennett,F,"72635 Teresa Street
Cookborough, AK 80876",lynnjohn@hotmail.com,1994-05-05
100479,flemingsteven,Krista Howard,F,"PSC 8236, Box 9131
APO AE 25473",leblancdaniel@yahoo.com,1996-11-09
100480,wallerblake,Jerome Valdez,M,"3852 Hart Camp
Natashaview, UT 12874",mckenzieburke@hotmail.com,1959-03-20
100481,dominguezjoshua,Angela Hodges,F,"138 Deborah Streets
Lake Jennifer, VI 31601",emilypetersen@gmail.com,1975-12-22
100482,iyu,Shelby Stuart,F,"446 Gomez Village
Lake Jessica, FM 37755",howellcody@hotmail.com,2008-12-06
100483,garrisonjohn,Gary Martin,M,"389 Christine Avenue
Cruztown, NE 77780",jose66@hotmail.com,1973-07-26
100484,williamthompson,James Frey,M,"PSC 9591, Box 4746
APO AE 92685",kingstacie@yahoo.com,1974-06-19
100485,jeffreyhall,Tracey Stone,F,"12578 Johnson Gardens
West Samuel, MO 66515",williamgoodman@gmail.com,1958-05-02
100486,eric09,Felicia Powell,F,"USS Brooks
FPO AP 20855",michelle15@hotmail.com,1932-09-06
100487,whitelisa,Rebecca Fuentes,F,"550 Jenkins Mission Suite 648
Mccormickmouth, MH 73572",mgray@gmail.com,1948-05-03
100488,duartebenjamin,Rick Gonzales,M,"USNV Richard
FPO AP 88111",kerreric@hotmail.com,1919-01-19
100489,danielperez,Jeanne Martin,F,"62177 Schmitt Shores Suite 851
Adamview, VI 94875",jonesbenjamin@yahoo.com,1977-11-21
100490,nicholas92,David Jefferson,M,"6099 Dennis Flats
South Christopher, AS 14948",rmullen@yahoo.com,1963-04-18
100491,rebeccajenkins,Tammy Moreno,F,"USCGC Booker
FPO AA 89407",coxkristen@yahoo.com,2006-07-08
100492,acain,Sherry Rodriguez,F,"2981 George Drive
Schultzside, AS 74965",swhite@yahoo.com,2021-01-10
100493,higginsrachel,Xavier Maldonado,M,"575 Nicholson Route Suite 184
South Karen, NV 37713",atkinseric@gmail.com,1960-05-20
100494,fletchermichael,Ryan Sutton,M,"1766 Nguyen Greens Suite 919
West Jasonfort, NM 18303",christopher34@gmail.com,1979-06-12
100495,fphelps,Darius Howell,M,"18941 Moyer Ville Suite 295
Sueview, NM 18826",lnelson@yahoo.com,1986-02-20
100496,scottbaldwin,Heidi Nichols,F,"809 Carla Creek Apt. 970
Christopherton, AR 02572",dodsonmartin@gmail.com,1979-09-20
100497,caseywood,Kelly Johns,F,"416 Thomas Villages
West Preston, MD 49126",robertalvarez@yahoo.com,1923-02-12
100498,irwinamanda,Daniel Lee,M,"81469 Pierce Path
South Danielle, GU 16526",rachelcarney@hotmail.com,2023-06-23
100499,charles70,Matthew Barry,M,"61948 Sarah Turnpike Suite 535
Jeremiahfurt, DC 09925",psalinas@gmail.com,1997-11-18
100500,asullivan,Krista Graham,F,"663 Sandra Flat Apt. 109
Davidmouth, NE 53252",angela64@yahoo.com,1976-02-25
